date,close,turnover
2014-01-01,6301.65,2015.36
2014-01-02,6221.15,5249.79
2014-01-03,6211.15,5369.42
2014-01-06,6191.45,4722.67
2014-01-07,6162.25,5696.6
2014-01-08,6174.6,5816.54
2014-01-09,6168.35,5908.02
2014-01-10,6171.45,7347.29
2014-01-13,6272.75,5984.02
2014-01-14,6241.85,4703.01
2014-01-15,6320.9,6422.97
2014-01-16,6318.9,6758.63
2014-01-17,6261.65,7895.92
2014-01-20,6303.95,5499.51
2014-01-21,6313.8,5831.26
2014-01-22,6338.95,5635.92
2014-01-23,6345.65,5278.88
2014-01-24,6266.75,6209.06
2014-01-27,6135.85,7091.1
2014-01-28,6126.25,7710.08
2014-01-29,6120.25,6487.39
2014-01-30,6073.7,7694.04
2014-01-31,6089.5,5407.1
2014-02-03,6001.8,4635.69
2014-02-04,6000.9,6075.02
2014-02-05,6022.4,5572.13
2014-02-06,6036.3,6291.97
2014-02-07,6063.2,5591.39
2014-02-10,6053.45,4762.89
2014-02-11,6062.7,5268.8
2014-02-12,6084.0,5351.08
2014-02-13,6001.1,5037.18
2014-02-14,6048.35,5539.7
2014-02-17,6073.3,4455.65
2014-02-18,6127.1,4592.38
2014-02-19,6152.75,3735.52
2014-02-20,6091.45,4344.77
2014-02-21,6155.45,4001.93
2014-02-24,6186.1,4424.81
2014-02-25,6200.05,4782.95
2014-02-26,6238.8,6641.33
2014-02-28,6276.95,7869.42
2014-03-03,6221.45,5040.12
2014-03-04,6297.95,5550.29
2014-03-05,6328.65,5754.58
2014-03-06,6401.15,5844.96
2014-03-07,6526.65,11368.15
2014-03-10,6537.25,9992.74
2014-03-11,6511.9,8268.67
2014-03-12,6516.9,6176.54
2014-03-13,6493.1,8356.1
2014-03-14,6504.2,7114.55
2014-03-18,6516.65,7268.52
2014-03-19,6524.05,7666.24
2014-03-20,6483.1,6280.76
2014-03-21,6493.2,8841.94
2014-03-22,6494.9,373.66
2014-03-24,6583.5,6633.77
2014-03-25,6589.75,6475.61
2014-03-26,6601.4,7046.34
2014-03-27,6641.75,12924.37
2014-03-28,6695.9,6862.55
2014-03-31,6704.2,7743.3
2014-04-01,6721.05,7174.14
2014-04-02,6752.55,8007.75
2014-04-03,6736.1,7738.58
2014-04-04,6694.35,6676.88
2014-04-07,6695.05,6707.01
2014-04-09,6796.2,8892.66
2014-04-10,6796.4,9079.6
2014-04-11,6776.3,7463.19
2014-04-15,6733.1,7100.26
2014-04-16,6675.3,6168.64
2014-04-17,6779.4,6952.58
2014-04-21,6817.65,5711.98
2014-04-22,6815.35,5636.78
2014-04-23,6840.8,9247.25
2014-04-25,6782.75,8021.33
2014-04-28,6761.25,6297.18
2014-04-29,6715.25,5459.34
2014-04-30,6696.4,7066.78
2014-05-02,6694.8,5030.42
2014-05-05,6699.35,4881.32
2014-05-06,6715.3,4168.72
2014-05-07,6652.55,6513.29
2014-05-08,6659.85,5413.39
2014-05-09,6858.8,8027.14
2014-05-12,7014.25,8475.17
2014-05-13,7108.75,10573.11
2014-05-14,7108.75,9395.8
2014-05-15,7123.15,8947.95
2014-05-16,7203.0,21057.07
2014-05-19,7263.55,15228.6
2014-05-20,7275.5,11139.51
2014-05-21,7252.9,9544.12
2014-05-22,7276.4,10104.55
2014-05-23,7367.1,12002.13
2014-05-26,7359.05,13203.73
2014-05-27,7318.0,7931.22
2014-05-28,7329.65,8929.71
2014-05-29,7235.65,13385.17
2014-05-30,7229.95,13837.29
2014-06-02,7362.5,7833.43
2014-06-03,7415.85,10354.94
2014-06-04,7402.25,8913.89
2014-06-05,7474.1,11574.51
2014-06-06,7583.4,12322.96
2014-06-09,7654.6,10866.56
2014-06-10,7656.4,9475.21
2014-06-11,7626.85,10472.71
2014-06-12,7649.9,8187.49
2014-06-13,7542.1,11254.75
2014-06-16,7533.55,8449.27
2014-06-17,7631.7,8704.2
2014-06-18,7558.2,8963.97
2014-06-19,7540.7,8115.36
2014-06-20,7511.45,6801.49
2014-06-23,7493.35,6543.64
2014-06-24,7580.2,7146.44
2014-06-25,7569.25,6198.93
2014-06-26,7493.2,9190.64
2014-06-27,7508.8,6688.8
2014-06-30,7611.35,7887.37
2014-07-01,7634.7,6983.63
2014-07-02,7725.15,7363.75
2014-07-03,7714.8,7320.09
2014-07-04,7751.6,5863.82
2014-07-07,7787.15,8925.04
2014-07-08,7623.2,9002.25
2014-07-09,7585.0,8176.28
2014-07-10,7567.75,11431.68
2014-07-11,7459.6,8983.29
2014-07-14,7454.15,6659.48
2014-07-15,7526.65,6124.15
2014-07-16,7624.4,8186.24
2014-07-17,7640.45,6753.11
2014-07-18,7663.9,6903.7
2014-07-21,7684.2,5794.45
2014-07-22,7767.85,6494.69
2014-07-23,7795.75,7062.52
2014-07-24,7830.6,6271.45
2014-07-25,7790.45,7827.61
2014-07-28,7748.7,6107.78
2014-07-30,7791.4,10175.5
2014-07-31,7721.3,11718.26
2014-08-01,7602.6,9796.7
2014-08-04,7683.65,7495.07
2014-08-05,7746.55,6772.55
2014-08-06,7672.05,6905.9
2014-08-07,7649.25,6030.02
2014-08-08,7568.55,6283.56
2014-08-11,7625.95,5535.13
2014-08-12,7727.05,6181.17
2014-08-13,7739.55,8030.41
2014-08-14,7791.7,6745.33
2014-08-18,7874.25,6892.25
2014-08-19,7897.5,7928.8
2014-08-20,7875.3,6234.79
2014-08-21,7891.1,7502.01
2014-08-22,7913.2,7088.03
2014-08-25,7906.3,6152.32
2014-08-26,7904.75,6735.18
2014-08-27,7936.05,6261.16
2014-08-28,7954.35,10417.14
2014-09-01,8027.7,6944.65
2014-09-02,8083.05,7143.64
2014-09-03,8114.6,8444.29
2014-09-04,8095.95,6925.82
2014-09-05,8086.85,6559.7
2014-09-08,8173.9,6623.08
2014-09-09,8152.95,5364.95
2014-09-10,8094.1,5561.6
2014-09-11,8085.7,6492.35
2014-09-12,8105.5,6156.73
2014-09-15,8042.0,5387.06
2014-09-16,7932.9,6647.49
2014-09-17,7975.5,6689.37
2014-09-18,8114.75,6891.09
2014-09-19,8121.45,8957.42
2014-09-22,8146.3,5710.43
2014-09-23,8017.55,7947.61
2014-09-24,8002.4,7981.87
2014-09-25,7911.85,11692.69
2014-09-26,7968.85,8247.78
2014-09-29,7958.9,5089.35
2014-09-30,7964.8,7467.66
2014-10-01,7945.55,5979.61
2014-10-07,7852.4,7982.75
2014-10-08,7842.7,7408.61
2014-10-09,7960.55,6797.45
2014-10-10,7859.95,8473.9
2014-10-13,7884.25,6584.44
2014-10-14,7864.0,7709.0
2014-10-16,7748.2,9087.06
2014-10-17,7779.7,9626.9
2014-10-20,7879.4,8357.41
2014-10-21,7927.75,8432.94
2014-10-22,7995.9,7301.77
2014-10-23,8014.55,915.37
2014-10-27,7991.7,6511.8
2014-10-28,8027.6,6993.84
2014-10-29,8090.45,7406.0
2014-10-30,8169.2,11023.46
2014-10-31,8322.2,9450.53
2014-11-03,8324.15,7439.54
2014-11-05,8338.3,9021.74
2014-11-07,8337.0,11379.2
2014-11-10,8344.25,6932.28
2014-11-11,8362.65,6559.73
2014-11-12,8383.3,6535.31
2014-11-13,8357.85,6511.91
2014-11-14,8389.9,7849.19
2014-11-17,8430.75,7270.5
2014-11-18,8425.9,7323.18
2014-11-19,8382.3,6997.58
2014-11-20,8401.9,6218.34
2014-11-21,8477.35,7889.99
2014-11-24,8530.15,7180.3
2014-11-25,8463.1,12210.62
2014-11-26,8475.75,7123.76
2014-11-27,8494.2,9556.05
2014-11-28,8588.25,10053.47
2014-12-01,8555.9,8565.14
2014-12-02,8524.7,6753.13
2014-12-03,8537.65,7664.86
2014-12-04,8564.4,6687.99
2014-12-05,8538.3,6452.4
2014-12-08,8438.25,13929.39
2014-12-09,8340.7,7115.31
2014-12-10,8355.65,6738.18
2014-12-11,8292.9,6718.85
2014-12-12,8224.1,6894.03
2014-12-15,8219.6,6720.94
2014-12-16,8067.6,8920.29
2014-12-17,8029.8,9966.02
2014-12-18,8159.3,7352.6
2014-12-19,8225.2,8246.76
2014-12-22,8324.0,5745.04
2014-12-23,8267.0,5629.52
2014-12-24,8174.1,11229.76
2014-12-26,8200.7,2995.12
2014-12-29,8246.3,3340.07
2014-12-30,8248.25,3460.46
2014-12-31,8282.7,4221.32
2015-01-01,8284.0,2321.88
2015-01-02,8395.45,4715.72
2015-01-05,8378.4,5525.52
2015-01-06,8127.35,8089.19
2015-01-07,8102.1,7464.33
2015-01-08,8234.6,8147.4
2015-01-09,8284.5,9305.95
2015-01-12,8323.0,5437.76
2015-01-13,8299.4,6499.2
2015-01-14,8277.55,7020.91
2015-01-15,8494.15,10725.62
2015-01-16,8513.8,8690.54
2015-01-19,8550.7,6292.59
2015-01-20,8695.6,7838.19
2015-01-21,8729.5,9735.99
2015-01-22,8761.4,9025.95
2015-01-23,8835.6,9716.57
2015-01-27,8910.5,9988.36
2015-01-28,8914.3,10313.46
2015-01-29,8952.35,13427.54
2015-01-30,8808.9,12385.18
2015-02-02,8797.4,10430.34
2015-02-03,8756.55,9888.1
2015-02-04,8723.7,8707.82
2015-02-05,8711.7,9126.1
2015-02-06,8661.05,7912.1
2015-02-09,8526.35,6863.17
2015-02-10,8565.55,9965.76
2015-02-11,8627.4,7602.46
2015-02-12,8711.55,7669.87
2015-02-13,8805.5,10248.41
2015-02-16,8809.35,7047.32
2015-02-18,8869.1,10153.74
2015-02-19,8895.3,9794.26
2015-02-20,8833.6,8193.56
2015-02-23,8754.95,7171.05
2015-02-24,8762.1,7413.31
2015-02-25,8767.25,6986.78
2015-02-26,8683.85,10531.16
2015-02-27,8844.6,11924.49
2015-02-28,8901.85,10064.41
2015-03-02,8956.75,11525.5
2015-03-03,8996.25,9033.61
2015-03-04,8922.65,12130.98
2015-03-05,8937.75,8250.55
2015-03-09,8756.75,8132.43
2015-03-10,8712.05,8402.33
2015-03-11,8699.95,8259.67
2015-03-12,8776.0,8184.46
2015-03-13,8647.75,8121.26
2015-03-16,8633.15,7559.94
2015-03-17,8723.3,8086.26
2015-03-18,8685.9,8227.5
2015-03-19,8634.65,8460.35
2015-03-20,8570.9,8484.23
2015-03-23,8550.9,6195.45
2015-03-24,8542.95,7913.26
2015-03-25,8530.8,8200.05
2015-03-26,8342.15,13667.31
2015-03-27,8341.4,9528.86
2015-03-30,8492.3,6713.2
2015-03-31,8491.0,8108.36
2015-04-01,8586.25,6863.03
2015-04-06,8659.9,7633.0
2015-04-07,8660.3,7287.01
2015-04-08,8714.4,7889.65
2015-04-09,8778.3,8391.19
2015-04-10,8780.35,7119.96
2015-04-13,8834.0,6242.71
2015-04-15,8750.2,8908.26
2015-04-16,8706.7,8268.33
2015-04-17,8606.0,9134.37
2015-04-20,8448.1,8930.38
2015-04-21,8377.75,32873.45
2015-04-22,8429.7,10002.48
2015-04-23,8398.3,9801.34
2015-04-24,8305.25,10984.24
2015-04-27,8213.8,10143.36
2015-04-28,8285.6,9560.13
2015-04-29,8239.75,8571.95
2015-04-30,8181.5,14755.35
2015-05-04,8331.95,7856.18
2015-05-05,8324.8,8138.54
2015-05-06,8097.0,10894.12
2015-05-07,8057.3,8443.96
2015-05-08,8191.5,8961.33
2015-05-11,8325.25,8396.12
2015-05-12,8126.95,8779.53
2015-05-13,8235.45,8391.93
2015-05-14,8224.2,6763.72
2015-05-15,8262.35,6463.64
2015-05-18,8373.65,7459.18
2015-05-19,8365.65,7266.52
2015-05-20,8423.25,6151.44
2015-05-21,8421.0,7641.6
2015-05-22,8458.95,8261.69
2015-05-25,8370.25,5555.29
2015-05-26,8339.35,5908.3
2015-05-27,8334.6,8131.59
2015-05-28,8319.0,11449.91
2015-05-29,8433.65,20736.2
2015-06-01,8433.4,7254.01
2015-06-02,8236.45,8083.17
2015-06-03,8135.1,7920.26
2015-06-04,8130.65,7560.49
2015-06-05,8114.7,7588.4
2015-06-08,8044.15,6230.61
2015-06-09,8022.4,6442.05
2015-06-10,8124.45,6790.27
2015-06-11,7965.35,7868.44
2015-06-12,7982.9,6737.25
2015-06-15,8013.9,6129.12
2015-06-16,8047.3,5923.8
2015-06-17,8091.55,7878.66
2015-06-18,8174.6,7767.77
2015-06-19,8224.95,7722.05
2015-06-22,8353.1,6163.02
2015-06-23,8381.55,6437.33
2015-06-24,8360.85,7175.22
2015-06-25,8398.0,9911.16
2015-06-26,8381.1,5848.78
2015-06-29,8318.4,6604.12
2015-06-30,8368.5,8425.52
2015-07-01,8453.05,6938.05
2015-07-02,8444.9,6065.26
2015-07-03,8484.9,4983.21
2015-07-06,8522.15,5517.86
2015-07-07,8510.8,6054.41
2015-07-08,8363.05,8876.81
2015-07-09,8328.55,6610.4
2015-07-10,8360.55,8128.47
2015-07-13,8459.65,6506.28
2015-07-14,8454.1,5454.41
2015-07-15,8523.8,5805.53
2015-07-16,8608.05,6544.15
2015-07-17,8609.85,5713.13
2015-07-20,8603.45,5107.62
2015-07-21,8529.45,10699.52
2015-07-22,8633.5,7427.34
2015-07-23,8589.8,7747.81
2015-07-24,8521.55,6942.22
2015-07-27,8361.0,7353.09
2015-07-28,8337.0,8403.15
2015-07-29,8375.05,7232.34
2015-07-30,8421.8,10007.3
2015-07-31,8532.85,9522.19
2015-08-03,8543.05,7738.1
2015-08-04,8516.9,9003.82
2015-08-05,8567.95,6434.82
2015-08-06,8588.65,6595.25
2015-08-07,8564.6,6528.28
2015-08-10,8525.6,5780.49
2015-08-11,8462.35,7049.29
2015-08-12,8349.45,8630.35
2015-08-13,8355.85,7840.58
2015-08-14,8518.55,7090.58
2015-08-17,8477.3,6543.01
2015-08-18,8466.55,6501.24
2015-08-19,8495.15,6338.67
2015-08-20,8372.75,9193.19
2015-08-21,8299.95,9606.33
2015-08-24,7809.0,13856.66
2015-08-25,7880.7,13420.76
2015-08-26,7791.85,10207.56
2015-08-27,7948.95,14282.73
2015-08-28,8001.95,8641.87
2015-08-31,7971.3,9547.7
2015-09-01,7785.85,8633.26
2015-09-02,7717.0,9794.29
2015-09-03,7823.0,7060.37
2015-09-04,7655.05,8200.69
2015-09-07,7558.8,5768.15
2015-09-08,7688.25,7380.17
2015-09-09,7818.6,8550.1
2015-09-10,7788.1,6992.42
2015-09-11,7789.3,6014.16
2015-09-14,7872.25,5277.75
2015-09-15,7829.1,6252.35
2015-09-16,7899.15,6650.61
2015-09-18,7981.9,11328.64
2015-09-21,7977.1,5482.45
2015-09-22,7812.0,7887.06
2015-09-23,7845.95,6869.26
2015-09-24,7868.5,9732.18
2015-09-28,7795.7,7120.05
2015-09-29,7843.3,11184.67
2015-09-30,7948.9,9981.56
2015-10-01,7950.9,8896.78
2015-10-05,8119.3,9589.63
2015-10-06,8152.9,8461.64
2015-10-07,8177.4,7894.19
2015-10-08,8129.35,7837.16
2015-10-09,8189.7,7960.62
2015-10-12,8143.6,7604.3
2015-10-13,8131.7,6877.36
2015-10-14,8107.9,6607.21
2015-10-15,8179.5,7625.17
2015-10-16,8238.15,6956.78
2015-10-19,8275.05,6880.43
2015-10-20,8261.65,7661.53
2015-10-21,8251.7,6689.35
2015-10-23,8295.45,7466.28
2015-10-26,8260.55,6799.49
2015-10-27,8232.9,8271.49
2015-10-28,8171.2,9131.44
2015-10-29,8111.75,10569.95
2015-10-30,8065.8,9218.39
2015-11-02,8050.8,6552.67
2015-11-03,8060.7,5955.64
2015-11-04,8040.2,5696.01
2015-11-05,7955.45,6001.38
2015-11-06,7954.3,8771.77
2015-11-09,7915.2,9376.17
2015-11-10,7783.35,7153.47
2015-11-11,7825.0,1123.44
2015-11-13,7762.25,7731.55
2015-11-16,7806.6,6871.15
2015-11-17,7837.55,6367.14
2015-11-18,7731.8,6112.32
2015-11-19,7842.75,7410.15
2015-11-20,7856.55,7298.01
2015-11-23,7849.25,6099.09
2015-11-24,7831.6,6686.27
2015-11-26,7883.8,11054.04
2015-11-27,7942.7,7068.72
2015-11-30,7935.25,15368.67
2015-12-01,7954.9,6796.67
2015-12-02,7931.35,6242.53
2015-12-03,7864.15,5636.41
2015-12-04,7781.9,7758.36
2015-12-07,7765.4,6403.97
2015-12-08,7701.7,5986.06
2015-12-09,7612.5,6599.6
2015-12-10,7683.3,6492.02
2015-12-11,7610.45,6894.44
2015-12-14,7650.05,6290.42
2015-12-15,7700.9,6152.14
2015-12-16,7750.9,6703.76
2015-12-17,7844.35,7367.15
2015-12-18,7761.95,8074.5
2015-12-21,7834.45,5558.38
2015-12-22,7786.1,5028.11
2015-12-23,7865.95,4663.45
2015-12-24,7861.05,3383.99
2015-12-28,7925.15,5755.48
2015-12-29,7928.95,4950.36
2015-12-30,7896.25,4392.87
2015-12-31,7946.35,6780.85
2017-01-02,8179.5,5255.49
2017-01-03,8192.25,6053.67
2017-01-04,8190.5,6543.13
2017-01-05,8273.8,8180.68
2017-01-06,8243.8,7298.74
2017-01-09,8236.05,5197.62
2017-01-10,8288.6,6904.57
2017-01-11,8380.65,8938.68
2017-01-12,8407.2,7359.24
2017-01-13,8400.35,9156.16
2017-01-16,8412.8,6043.67
2017-01-17,8398.0,6389.21
2017-01-18,8417.0,7411.23
2017-01-19,8435.1,7324.14
2017-01-20,8349.35,9014.51
2017-01-23,8391.5,8664.94
2017-01-24,8475.8,8524.17
2017-01-25,8602.75,13901.89
2017-01-27,8641.25,11568.92
2017-01-30,8632.75,9333.49
2017-01-31,8561.3,14721.17
2017-02-01,8716.4,13494.05
2017-02-02,8734.25,11555.02
2017-02-03,8740.95,8193.45
2017-02-06,8801.05,8701.51
2017-02-07,8768.3,9060.63
2017-02-08,8769.05,9110.24
2017-02-09,8778.4,8972.67
2017-02-10,8793.55,10320.17
2017-02-13,8805.05,8659.48
2017-02-14,8792.3,8494.44
2017-02-15,8724.7,10472.37
2017-02-16,8778.0,9695.63
2017-02-17,8821.7,23432.58
2017-02-20,8879.2,7833.53
2017-02-21,8907.85,8863.71
2017-02-22,8926.9,13514.08
2017-02-23,8939.5,17243.08
2017-02-27,8896.7,10388.83
2017-02-28,8879.6,13819.57
2017-03-01,8945.8,9681.99
2017-03-02,8899.75,10075.19
2017-03-03,8897.55,9783.57
2017-03-06,8963.45,8955.06
2017-03-07,8946.9,8149.28
2017-03-08,8924.3,9489.36
2017-03-09,8927.0,8493.21
2017-03-10,8934.55,7385.28
2017-03-14,9087.0,14087.57
2017-03-15,9084.8,9671.51
2017-03-16,9153.7,9275.05
2017-03-17,9160.05,13226.29
2017-03-20,9126.85,9251.16
2017-03-21,9121.5,10191.6
2017-03-22,9030.45,10065.92
2017-03-23,9086.3,8699.36
2017-03-24,9108.0,8853.03
2017-03-27,9045.2,8921.57
2017-03-28,9100.8,8139.28
2017-03-29,9143.8,11089.43
2017-03-30,9173.75,15585.42
2017-03-31,9173.75,10955.05
2017-04-03,9237.85,8337.06
2017-04-05,9265.15,11461.96
2017-04-06,9261.95,10332.6
2017-04-07,9198.3,10217.13
2017-04-10,9181.45,8140.08
2017-04-11,9237.0,9385.2
2017-04-12,9203.45,8412.97
2017-04-13,9150.8,8908.17
2017-04-17,9139.3,6473.27
2017-04-18,9105.15,8527.5
2017-04-19,9103.5,8950.27
2017-04-20,9136.4,8843.5
2017-04-21,9119.4,8476.63
2017-04-24,9217.95,9720.75
2017-04-25,9306.6,10426.02
2017-04-26,9351.85,10483.32
2017-04-27,9342.15,12910.38
2017-04-28,9304.05,8673.32
2017-05-02,9313.8,9110.59
2017-05-03,9311.95,7975.14
2017-05-04,9359.9,12379.74
2017-05-05,9285.3,10466.68
2017-05-08,9314.05,8300.22
2017-05-09,9316.85,7504.66
2017-05-10,9407.3,8619.06
2017-05-11,9422.4,9289.89
2017-05-12,9400.9,9813.47
2017-05-15,9445.4,7790.97
2017-05-16,9512.25,9209.89
2017-05-17,9525.75,10726.23
2017-05-18,9429.45,10782.46
2017-05-19,9427.9,11544.77
2017-05-22,9438.25,9432.97
2017-05-23,9386.15,11553.27
2017-05-24,9360.55,11045.95
2017-05-25,9509.75,16964.26
2017-05-26,9595.1,11204.36
2017-05-29,9604.9,12484.61
2017-05-30,9624.55,9765.4
2017-05-31,9621.25,19605.94
2017-06-01,9616.1,9482.61
2017-06-02,9653.5,8564.3
2017-06-05,9675.1,7192.24
2017-06-06,9637.15,8416.55
2017-06-07,9663.9,8989.36
2017-06-08,9647.25,8822.63
2017-06-09,9668.25,9078.71
2017-06-12,9616.4,7686.89
2017-06-13,9606.9,7056.83
2017-06-14,9618.15,10540.68
2017-06-15,9578.05,9868.08
2017-06-16,9588.05,11920.62
2017-06-19,9657.55,8144.36
2017-06-20,9653.5,8476.67
2017-06-21,9633.6,8023.4
2017-06-22,9630.0,10738.45
2017-06-23,9574.95,9092.74
2017-06-27,9511.4,11084.51
2017-06-28,9491.25,9103.73
2017-06-29,9504.1,13395.85
2017-06-30,9520.9,8783.59
2017-07-03,9615.0,8720.76
2017-07-04,9613.3,7774.69
2017-07-05,9637.6,7311.1
2017-07-06,9674.55,7539.21
2017-07-07,9665.8,8514.53
2017-07-10,9771.05,1920.78
2017-07-11,9786.05,9908.41
2017-07-12,9816.1,7966.44
2017-07-13,9891.7,10244.56
2017-07-14,9886.35,9187.71
2017-07-17,9915.95,8310.48
2017-07-18,9827.15,13184.22
2017-07-19,9899.6,10935.6
2017-07-20,9873.3,8942.56
2017-07-21,9915.25,11860.28
2017-07-24,9966.4,10837.2
2017-07-25,9964.55,10491.32
2017-07-26,10020.65,11403.3
2017-07-27,10020.55,18601.99
2017-07-28,10014.5,11996.8
2017-07-31,10077.1,13131.89
2017-08-01,10114.65,11515.29
2017-08-02,10081.5,9165.92
2017-08-03,10013.65,10714.1
2017-08-04,10066.4,10397.88
2017-08-07,10057.4,7827.95
2017-08-08,9978.55,10780.41
2017-08-09,9908.05,8831.72
2017-08-10,9820.25,12040.13
2017-08-11,9710.8,13435.56
2017-08-14,9794.15,9486.82
2017-08-16,9897.3,10815.38
2017-08-17,9904.15,9927.47
2017-08-18,9837.4,15636.16
2017-08-21,9754.35,11764.0
2017-08-22,9765.55,9850.89
2017-08-23,9852.5,9961.13
2017-08-24,9857.05,10392.63
2017-08-28,9912.8,9900.06
2017-08-29,9796.05,8469.09
2017-08-30,9884.4,8008.72
2017-08-31,9917.9,14619.43
2017-09-01,9974.4,9314.82
2017-09-04,9912.85,8069.64
2017-09-05,9952.2,7566.62
2017-09-06,9916.2,8926.98
2017-09-07,9929.9,9455.48
2017-09-08,9934.8,8792.49
2017-09-11,10006.05,9545.94
2017-09-12,10093.05,9894.2
2017-09-13,10079.3,10682.41
2017-09-14,10086.6,11047.46
2017-09-15,10085.4,13650.9
2017-09-18,10153.1,8106.66
2017-09-19,10147.55,8796.21
2017-09-20,10141.15,10105.71
2017-09-21,10121.9,11114.28
2017-09-22,9964.4,11941.88
2017-09-25,9872.6,11258.68
2017-09-26,9871.5,9754.02
2017-09-27,9735.75,10127.39
2017-09-28,9768.95,18962.4
2017-09-29,9788.6,11087.11
2017-10-03,9859.5,9698.55
2017-10-04,9914.9,8790.29
2017-10-05,9888.7,7823.55
2017-10-06,9979.7,9986.18
2017-10-09,9988.75,7425.19
2017-10-10,10016.95,8055.5
2017-10-11,9984.8,10227.9
2017-10-12,10096.4,10579.8
2017-10-13,10167.45,12379.8
2017-10-16,10230.85,11774.68
2017-10-17,10234.45,10422.81
2017-10-18,10210.85,13177.83
2017-10-19,10146.55,1685.16
2017-10-23,10184.85,12144.31
2017-10-24,10207.7,11539.73
2017-10-25,10295.35,25922.51
2017-10-26,10343.8,23135.46
2017-10-27,10323.05,15149.9
2017-10-30,10363.65,12558.7
2017-10-31,10335.3,12830.06
2017-11-01,10440.5,14206.21
2017-11-02,10423.8,10779.63
2017-11-03,10452.5,10070.83
2017-11-06,10451.8,10231.76
2017-11-07,10350.15,16182.46
2017-11-08,10303.15,14789.39
2017-11-09,10308.95,12697.28
2017-11-10,10321.75,14682.6
2017-11-13,10224.95,11783.34
2017-11-14,10186.6,15398.97
2017-11-15,10118.05,11609.18
2017-11-16,10214.75,9995.55
2017-11-17,10283.6,11023.35
2017-11-20,10298.75,8502.63
2017-11-21,10326.9,10443.99
2017-11-22,10342.3,9136.04
2017-11-23,10348.75,8789.42
2017-11-24,10389.7,8197.66
2017-11-27,10399.55,7551.71
2017-11-28,10370.25,9979.25
2017-11-29,10361.3,8852.8
2017-11-30,10226.55,19005.56
2017-12-01,10121.8,8518.58
2017-12-04,10127.75,8458.66
2017-12-05,10118.25,8749.09
2017-12-06,10044.1,9598.82
2017-12-07,10166.7,9910.28
2017-12-08,10265.65,11468.15
2017-12-11,10322.25,8453.76
2017-12-12,10240.15,10380.24
2017-12-13,10192.95,10070.44
2017-12-14,10252.1,9549.23
2017-12-15,10333.25,15106.77
2017-12-18,10388.75,12921.61
2017-12-19,10463.2,10982.95
2017-12-20,10444.2,11303.0
2017-12-21,10440.3,9411.2
2017-12-22,10493.0,8755.32
2017-12-26,10531.5,9043.77
2017-12-27,10490.75,9077.6
2017-12-28,10477.9,14551.58
2017-12-29,10530.7,8943.1
2018-01-01,10435.55,7546.56
2018-01-02,10442.2,8665.47
2018-01-03,10443.2,9541.6
2018-01-04,10504.8,9561.95
2018-01-05,10558.85,10306.22
2018-01-08,10623.6,9907.27
2018-01-09,10637.0,10733.37
2018-01-10,10632.2,9720.65
2018-01-11,10651.2,9635.01
2018-01-12,10681.25,11005.12
2018-01-15,10741.55,11333.11
2018-01-16,10700.45,12709.44
2018-01-17,10788.55,14334.26
2018-01-18,10817.0,17930.3
2018-01-19,10894.7,11792.26
2018-01-22,10966.2,14469.06
2018-01-23,11083.7,16423.91
2018-01-24,11086.0,16915.14
2018-01-25,11069.65,19939.54
2018-01-29,11130.4,16118.36
2018-01-30,11049.65,13232.19
2018-01-31,11027.7,14459.69
2018-02-01,11016.9,17719.4
2018-02-02,10760.6,16542.51
2018-02-05,10666.55,13980.63
2018-02-06,10498.25,15606.34
2018-02-07,10476.7,13971.66
2018-02-08,10576.85,12569.23
2018-02-09,10454.95,10602.15
2018-02-12,10539.75,11133.78
2018-02-14,10500.9,12188.94
2018-02-15,10545.5,11035.38
2018-02-16,10452.3,10026.71
2018-02-19,10378.4,9871.36
2018-02-20,10360.4,9619.95
2018-02-21,10397.45,12996.36
2018-02-22,10382.7,17711.46
2018-02-23,10491.05,12704.32
2018-02-26,10582.6,10274.89
2018-02-27,10554.3,10276.42
2018-02-28,10492.85,16299.11
2018-03-01,10458.35,10179.48
2018-03-05,10358.85,10673.92
2018-03-06,10249.25,12143.95
2018-03-07,10154.2,12128.88
2018-03-08,10242.65,11479.51
2018-03-09,10226.85,9874.81
2018-03-12,10421.4,10968.95
2018-03-13,10426.85,23965.25
2018-03-14,10410.9,9564.68
2018-03-15,10360.15,8588.01
2018-03-16,10195.15,18811.97
2018-03-19,10094.25,11111.43
2018-03-20,10124.35,10947.12
2018-03-21,10155.25,11269.73
2018-03-22,10114.75,11558.88
2018-03-23,9998.05,14435.17
2018-03-26,10130.65,12695.47
2018-03-27,10184.15,11175.79
2018-03-28,10113.7,18807.48
2018-04-02,10211.8,10968.95
2018-04-03,10245.0,10167.12
2018-04-04,10128.4,11861.79
2018-04-05,10325.15,11674.92
2018-04-06,10331.6,10131.74
2018-04-09,10379.35,10714.13
2018-04-10,10402.25,11905.12
2018-04-11,10417.15,11790.58
2018-04-12,10458.65,12249.66
2018-04-13,10480.6,12354.55
2018-04-16,10528.35,11242.05
2018-04-17,10548.7,10501.71
2018-04-18,10526.2,9888.65
2018-04-19,10565.3,12559.11
2018-04-20,10564.05,15372.66
2018-04-23,10584.7,13642.67
2018-04-24,10614.35,12281.53
2018-04-25,10570.55,11125.11
2018-04-26,10617.8,19200.41
2018-04-27,10692.3,16886.89
2018-04-30,10739.35,10412.57
2018-05-02,10718.05,14820.58
2018-05-03,10679.65,11018.21
2018-05-04,10618.25,9721.56
2018-05-07,10715.5,9239.44
2018-05-08,10717.8,12783.49
2018-05-09,10741.7,10390.92
2018-05-10,10716.55,10526.38
2018-05-11,10806.5,10432.43
2018-05-14,10806.6,9075.44
2018-05-15,10801.85,13582.7
2018-05-16,10741.1,11359.48
2018-05-17,10682.7,12506.3
2018-05-18,10596.4,13908.47
2018-05-21,10516.7,11346.13
2018-05-22,10536.7,12017.36
2018-05-23,10430.35,13456.6
2018-05-24,10513.85,12914.16
2018-05-25,10605.15,12431.16
2018-05-28,10688.65,11764.35
2018-05-29,10633.3,11817.39
2018-05-30,10614.35,12224.76
2018-05-31,10736.15,29479.77
2018-06-01,10696.2,12965.01
2018-06-04,10628.5,14120.49
2018-06-05,10593.15,10027.54
2018-06-06,10684.65,9920.75
2018-06-07,10768.35,11315.24
2018-06-08,10767.65,12360.88
2018-06-11,10786.95,11384.97
2018-06-12,10842.85,11989.07
2018-06-13,10856.7,12982.8
2018-06-14,10808.05,11659.79
2018-06-15,10817.7,19271.43
2018-06-18,10799.85,11182.48
2018-06-19,10710.45,12290.16
2018-06-20,10772.05,10858.35
2018-06-21,10741.1,12211.18
2018-06-22,10821.85,13520.01
2018-06-25,10762.45,12012.41
2018-06-26,10769.15,12113.53
2018-06-27,10671.4,13837.03
2018-06-28,10589.1,20187.98
2018-06-29,10714.3,14440.17
2018-07-02,10657.3,13591.3
2018-07-03,10699.9,10896.89
2018-07-04,10769.9,10388.69
2018-07-05,10749.75,13676.58
2018-07-06,10772.65,14006.48
2018-07-09,10852.9,10843.92
2018-07-10,10947.25,12834.85
2018-07-11,10948.3,15944.45
2018-07-12,11023.2,15787.28
2018-07-13,11018.9,14744.56
2018-07-16,10936.85,13709.57
2018-07-17,11008.05,12649.4
2018-07-18,10980.45,13320.2
2018-07-19,10957.1,12199.98
2018-07-20,11010.2,14105.94
2018-07-23,11084.75,14932.51
2018-07-24,11134.3,13931.15
2018-07-25,11132.0,12528.8
2018-07-26,11167.3,21595.33
2018-07-27,11278.35,15203.09
2018-07-30,11319.55,14716.66
2018-07-31,11356.5,15297.4
2018-08-01,11346.2,14436.12
2018-08-02,11244.7,12267.66
2018-08-03,11360.8,12984.66
2018-08-06,11387.1,11321.55
2018-08-07,11389.45,12457.71
2018-08-08,11450.0,12422.62
2018-08-09,11470.7,15842.76
2018-08-10,11429.5,15738.26
2018-08-13,11355.75,12899.22
2018-08-14,11435.1,13935.35
2018-08-16,11385.05,17081.62
2018-08-17,11470.75,13275.31
2018-08-20,11551.75,14119.93
2018-08-21,11570.9,13528.83
2018-08-23,11582.75,16117.77
2018-08-24,11557.1,13019.55
2018-08-27,11691.95,11707.5
2018-08-28,11738.5,13946.7
2018-08-29,11691.9,14324.65
2018-08-30,11676.8,18275.54
2018-08-31,11680.5,20755.73
2018-09-03,11582.35,16139.58
2018-09-04,11520.3,16254.78
2018-09-05,11476.95,15078.23
2018-09-06,11536.9,15161.0
2018-09-07,11589.1,16441.02
2018-09-10,11438.1,16513.89
2018-09-11,11287.5,18745.54
2018-09-12,11369.9,15567.9
2018-09-14,11515.2,16423.36
2018-09-17,11377.75,11294.84
2018-09-18,11278.9,13814.11
2018-09-19,11234.35,15116.69
2018-09-21,11143.1,35131.19
2018-09-24,10967.4,23023.34
2018-09-25,11067.45,22878.57
2018-09-26,11053.8,17803.68
2018-09-27,10977.55,22582.86
2018-09-28,10930.45,23227.86
2018-10-01,11008.3,20391.72
2018-10-03,10858.25,21225.59
2018-10-04,10599.25,23711.57
2018-10-05,10316.45,25254.21
2018-10-08,10348.05,22130.94
2018-10-09,10301.05,18285.41
2018-10-10,10460.1,19592.59
2018-10-11,10234.65,21907.13
2018-10-12,10472.5,18606.04
2018-10-15,10512.5,14372.15
2018-10-16,10584.75,15453.03
2018-10-17,10453.05,17173.14
2018-10-19,10303.55,20505.66
2018-10-22,10245.25,17241.94
2018-10-23,10146.8,18114.71
2018-10-24,10224.75,19413.24
2018-10-25,10124.9,23503.76
2018-10-26,10030.0,16120.14
2018-10-29,10250.85,17514.85
2018-10-30,10198.4,14789.51
2018-10-31,10386.6,21513.85
2018-11-01,10380.45,18111.88
2018-11-02,10553.0,21758.8
2018-11-05,10524.0,14761.17
2018-11-06,10530.0,14006.19
2018-11-07,10598.4,1534.08
2018-11-09,10585.2,15294.83
2018-11-12,10482.2,13445.33
2018-11-13,10582.5,13078.98
2018-11-14,10576.3,19374.89
2018-11-15,10616.7,14937.67
2018-11-16,10682.2,16728.88
2018-11-19,10763.4,13540.9
2018-11-20,10656.2,13077.24
2018-11-21,10600.05,15382.32
2018-11-22,10526.75,12254.36
2018-11-26,10628.6,15927.25
2018-11-27,10685.6,17296.28
2018-11-28,10728.85,17737.28
2018-11-29,10858.7,26283.43
2018-11-30,10876.75,19964.33
2018-12-03,10883.75,18484.91
2018-12-04,10869.5,15857.16
2018-12-05,10782.9,15176.26
2018-12-06,10601.15,16488.87
2018-12-07,10693.7,18597.83
2018-12-10,10488.45,16524.36
2018-12-11,10549.15,20112.91
2018-12-12,10737.6,17447.45
2018-12-13,10791.55,17582.8
2018-12-14,10805.45,14486.1
2018-12-17,10888.35,12528.59
2018-12-18,10908.7,13556.45
2018-12-19,10967.3,17172.64
2018-12-20,10951.7,14945.94
2018-12-21,10754.0,18663.85
2018-12-24,10663.5,10695.6
2018-12-26,10729.85,12831.99
2018-12-27,10779.8,19119.88
2018-12-28,10859.9,12615.01
2018-12-31,10862.55,10176.13
2019-01-01,10910.1,8688.26
2019-01-02,10792.5,15352.25
2019-01-03,10672.25,15030.45
2019-01-04,10727.35,14516.74
2019-01-07,10771.8,12731.29
2019-01-08,10802.15,13433.48
2019-01-09,10855.15,16213.3
2019-01-10,10821.6,12031.26
2019-01-11,10794.95,13084.6
2019-01-14,10737.6,12732.57
2019-01-15,10886.8,14879.91
2019-01-16,10890.3,13081.63
2019-01-17,10905.2,13215.83
2019-01-18,10906.95,16408.83
2019-01-21,10961.85,17289.7
2019-01-22,10922.75,17483.62
2019-01-23,10831.5,14736.91
2019-01-24,10849.8,15298.48
2019-01-25,10780.55,20542.36
2019-01-28,10661.55,21144.33
2019-01-29,10652.2,18832.06
2019-01-30,10651.8,21214.81
2019-01-31,10830.95,27471.18
2019-02-01,10893.65,23112.37
2019-02-04,10912.25,15478.81
2019-02-05,10934.35,13435.13
2019-02-06,11062.45,15172.85
2019-02-07,11069.4,13542.69
2019-02-08,10943.6,15507.05
2019-02-11,10888.8,13818.92
2019-02-12,10831.4,14424.78
2019-02-13,10793.65,15360.98
2019-02-14,10746.05,20797.41
2019-02-15,10724.4,20733.95
2019-02-18,10640.95,14903.19
2019-02-19,10604.35,13765.01
2019-02-20,10735.45,13209.71
2019-02-21,10789.85,14758.5
2019-02-22,10791.65,24386.42
2019-02-25,10880.1,16466.09
2019-02-26,10835.3,19186.75
2019-02-27,10806.65,18313.85
2019-02-28,10792.5,27123.34
2019-03-01,10863.5,15010.06
2019-03-05,10987.45,17960.03
2019-03-06,11053.0,17850.93
2019-03-07,11058.2,15321.68
2019-03-08,11035.4,14369.77
2019-03-11,11168.05,17349.95
2019-03-12,11301.2,20861.35
2019-03-13,11341.7,20851.67
2019-03-14,11343.25,15661.05
2019-03-15,11426.85,25143.26
2019-03-18,11462.2,16942.22
2019-03-19,11532.4,16179.92
2019-03-20,11521.05,18311.44
2019-03-22,11456.9,19755.74
2019-03-25,11354.25,14101.14
2019-03-26,11483.25,14611.68
2019-03-27,11445.05,18356.52
2019-03-28,11570.0,25719.65
2019-03-29,11623.9,20515.25
2019-04-01,11669.15,18977.99
2019-04-02,11713.2,18673.7
2019-04-03,11643.95,19050.95
2019-04-04,11598.0,19713.01
2019-04-05,11665.95,15000.35
2019-04-08,11604.5,14203.96
2019-04-09,11671.95,15984.39
2019-04-10,11584.3,22258.46
2019-04-11,11596.7,14332.2
2019-04-12,11643.45,13598.61
2019-04-15,11690.35,15635.79
2019-04-16,11787.15,17585.48
2019-04-18,11752.8,18271.27
2019-04-22,11594.45,13754.12
2019-04-23,11575.95,14500.53
2019-04-24,11726.15,17046.66
2019-04-25,11641.8,28254.3
2019-04-26,11754.65,18098.83
2019-04-30,11748.15,23324.98
2019-05-02,11724.75,17790.06
2019-05-03,11712.25,15156.32
2019-05-06,11598.25,14703.42
2019-05-07,11497.9,16632.84
2019-05-08,11359.45,17440.01
2019-05-09,11301.8,17602.86
2019-05-10,11278.9,18085.19
2019-05-13,11148.2,16722.91
2019-05-14,11222.05,19906.38
2019-05-15,11157.0,17931.75
2019-05-16,11257.1,15629.57
2019-05-17,11407.15,20177.63
2019-05-20,11828.25,25223.78
2019-05-21,11709.1,20324.67
2019-05-22,11737.9,19582.41
2019-05-23,11657.05,31180.08
2019-05-24,11844.1,20028.49
2019-05-27,11924.75,17735.36
2019-05-28,11928.75,28833.54
2019-05-29,11861.1,15985.92
2019-05-30,11945.9,20261.85
2019-05-31,11922.8,22789.0
2019-06-03,12088.55,17451.36
2019-06-04,12021.65,15308.28
2019-06-06,11843.75,21144.77
2019-06-07,11870.65,14939.4
2019-06-10,11922.7,13125.41
2019-06-11,11965.6,15392.28
2019-06-12,11906.2,14120.17
2019-06-13,11914.05,18680.91
2019-06-14,11823.3,16226.57
2019-06-17,11672.15,13851.67
2019-06-18,11691.5,16120.69
2019-06-19,11691.45,18722.71
2019-06-20,11831.75,18839.11
2019-06-21,11724.1,23346.13
2019-06-24,11699.65,12631.38
2019-06-25,11796.45,13822.83
2019-06-26,11847.55,14650.89
2019-06-27,11841.55,23300.3
2019-06-28,11788.85,15191.9
2019-07-01,11865.6,12874.96
2019-07-02,11910.3,13615.94
2019-07-03,11916.75,14290.33
2019-07-04,11946.75,14758.87
2019-07-05,11811.15,18871.99
2019-07-08,11558.6,19146.25
2019-07-09,11555.9,21577.95
2019-07-10,11498.9,16098.53
2019-07-11,11582.9,14586.2
2019-07-12,11552.5,16947.57
2019-07-15,11588.35,15835.99
2019-07-16,11662.6,15967.91
2019-07-17,11687.5,15250.5
2019-07-18,11596.9,16684.03
2019-07-19,11419.25,17326.4
2019-07-22,11346.2,19304.23
2019-07-23,11331.05,19199.32
2019-07-24,11271.3,18353.13
2019-07-25,11252.15,24329.21
2019-07-26,11284.3,20350.38
2019-07-29,11189.2,18705.92
2019-07-30,11085.4,20545.71
2019-07-31,11118.0,23681.22
2019-08-01,10980.0,21048.32
2019-08-02,10997.35,23972.04
2019-08-05,10862.6,20824.1
2019-08-06,10948.25,21676.4
2019-08-07,10855.5,21228.28
2019-08-08,11032.45,20667.6
2019-08-09,11109.65,21092.05
2019-08-13,10925.85,24790.67
2019-08-14,11029.4,19712.81
2019-08-16,11047.8,19281.91
2019-08-19,11053.9,14120.35
2019-08-20,11017.0,16915.96
2019-08-21,10918.7,16747.99
2019-08-22,10741.35,18764.38
2019-08-23,10829.35,20983.75
2019-08-26,11057.85,22375.99
2019-08-27,11105.35,27413.16
2019-08-28,11046.1,16739.43
2019-08-29,10948.3,20127.77
2019-08-30,11023.25,21057.31
2019-09-03,10797.9,16595.6
2019-09-04,10844.65,19195.1
2019-09-05,10847.9,18279.88
2019-09-06,10946.2,18167.78
2019-09-09,11003.05,14762.07
2019-09-11,11035.7,19550.59
2019-09-12,10982.8,17510.17
2019-09-13,11075.9,18012.76
2019-09-16,11003.5,15786.17
2019-09-17,10817.6,17721.93
2019-09-18,10840.65,16784.43
2019-09-19,10704.8,16642.83
2019-09-20,11274.2,54081.53
2019-09-23,11600.2,40005.01
2019-09-24,11588.2,26930.07
2019-09-25,11440.2,25266.24
2019-09-26,11571.2,30707.84
2019-09-27,11512.4,19036.94
2019-09-30,11474.45,23748.07
2019-10-01,11359.9,28972.72
2019-10-03,11314.0,21658.38
2019-10-04,11174.75,22470.76
2019-10-07,11126.4,18641.37
2019-10-09,11313.3,20961.54
2019-10-10,11234.55,19234.31
2019-10-11,11305.05,22511.39
2019-10-14,11341.15,17499.48
2019-10-15,11428.3,17041.55
2019-10-16,11464.0,18266.06
2019-10-17,11586.35,20839.2
2019-10-18,11661.85,22315.99
2019-10-22,11588.35,29726.27
2019-10-23,11604.1,23397.69
2019-10-24,11582.6,25177.46
2019-10-25,11583.9,23611.51
2019-10-27,11627.15,3548.21
2019-10-29,11786.85,27054.87
2019-10-30,11844.1,22672.18
2019-10-31,11877.45,31304.73
2019-11-01,11890.6,24933.55
2019-11-04,11941.3,23203.88
2019-11-05,11917.2,20995.88
2019-11-06,11966.05,23324.97
2019-11-07,12012.05,20898.24
2019-11-08,11908.15,22931.52
2019-11-11,11913.45,16548.47
2019-11-13,11840.45,20401.5
2019-11-14,11872.1,19114.86
2019-11-15,11895.45,22350.63
2019-11-18,11884.5,17991.41
2019-11-19,11940.1,21574.84
2019-11-20,11999.1,24341.14
2019-11-21,11968.4,21609.99
2019-11-22,11914.4,19243.57
2019-11-25,12073.75,19990.44
2019-11-26,12037.7,46030.62
2019-11-27,12100.7,19937.4
2019-11-28,12151.15,21229.58
2019-11-29,12056.05,21838.04
2019-12-02,12048.2,23113.18
2019-12-03,11994.2,18203.76
2019-12-04,12043.2,22132.83
2019-12-05,12018.4,19589.81
2019-12-06,11921.5,18245.49
2019-12-09,11937.5,16672.87
2019-12-10,11856.8,16514.63
2019-12-11,11910.15,18760.57
2019-12-12,11971.8,18401.22
2019-12-13,12086.7,20626.8
2019-12-16,12053.95,16110.34
2019-12-17,12165.0,20968.79
2019-12-18,12221.65,22341.06
2019-12-19,12259.7,19761.9
2019-12-20,12271.8,25750.24
2019-12-23,12262.75,18078.23
2019-12-24,12214.55,13864.56
2019-12-26,12126.55,16362.31
2019-12-27,12245.8,13676.2
2019-12-30,12255.85,14556.73
2019-12-31,12168.45,14812.89
2020-01-01,12182.5,10445.68
2020-01-02,12282.2,15256.55
2020-01-03,12226.65,16827.27
2020-01-06,11993.05,16869.22
2020-01-07,12052.95,17797.68
2020-01-08,12025.35,18281.15
2020-01-09,12215.9,18456.64
2020-01-10,12256.8,18818.62
2020-01-13,12329.55,17522.13
2020-01-14,12362.3,17948.92
2020-01-15,12343.3,17882.51
2020-01-16,12355.5,16004.06
2020-01-17,12352.35,21397.63
2020-01-20,12224.55,21415.43
2020-01-21,12169.85,18682.65
2020-01-22,12106.9,19758.68
2020-01-23,12180.35,23829.39
2020-01-24,12248.25,18032.27
2020-01-27,12119.0,17988.61
2020-01-28,12055.8,20917.62
2020-01-29,12129.5,20646.18
2020-01-30,12035.8,19372.67
2020-01-31,11962.1,26044.91
2020-02-01,11661.85,20598.12
2020-02-03,11707.9,25415.26
2020-02-04,11979.65,22338.5
2020-02-05,12089.15,22998.05
2020-02-06,12137.95,21735.92
2020-02-07,12098.35,16339.61
2020-02-10,12031.5,17185.14
2020-02-11,12107.9,16209.52
2020-02-12,12201.2,16598.33
2020-02-13,12174.65,16315.27
2020-02-14,12113.45,20759.51
2020-02-17,12045.8,15439.55
2020-02-18,11992.5,18853.0
2020-02-19,12125.9,17610.89
2020-02-20,12080.85,18831.51
2020-02-24,11829.4,19421.04
2020-02-25,11797.9,18510.82
2020-02-26,11678.5,21887.07
2020-02-27,11633.3,21623.47
2020-02-28,11201.75,32297.15
2020-03-02,11132.75,24204.55
2020-03-03,11303.3,23281.2
2020-03-04,11251.0,26928.46
2020-03-05,11269.0,26980.65
2020-03-06,10989.45,26455.29
2020-03-09,10451.45,35151.79
2020-03-11,10458.4,32548.47
2020-03-12,9590.15,39283.97
2020-03-13,9955.2,44167.89
2020-03-16,9197.4,29181.8
2020-03-17,8967.05,28004.16
2020-03-18,8468.8,39256.71
2020-03-19,8263.45,34274.23
2020-03-20,8745.45,37321.25
2020-03-23,7610.25,23891.9
2020-03-24,7801.05,28282.09
2020-03-25,8317.85,28482.01
2020-03-26,8641.45,32228.31
2020-03-27,8660.25,31336.86
2020-03-30,8281.1,24724.44
2020-03-31,8597.75,27401.3
2020-04-01,8253.8,21307.3
2020-04-03,8083.8,26561.18
2020-04-07,8792.2,35206.69
2020-04-08,8748.75,37641.68
2020-04-09,9111.9,32907.82
2020-04-13,8993.85,26749.06
2020-04-15,8925.3,41878.64
2020-04-16,8992.8,31318.29
2020-04-17,9266.75,33334.73
2020-04-20,9261.85,28620.91
2020-04-21,8981.45,28273.89
2020-04-22,9187.3,33981.82
2020-04-23,9313.9,30270.55
2020-04-24,9154.4,32859.05
2020-04-27,9282.3,26696.54
2020-04-28,9380.9,30091.41
2020-04-29,9553.35,31673.23
2020-04-30,9859.9,39332.46
2020-05-04,9293.5,29785.95
2020-05-05,9205.6,29700.2
2020-05-06,9270.9,30798.1
2020-05-07,9199.05,59705.53
2020-05-08,9251.5,30743.45
2020-05-11,9239.2,31048.47
2020-05-12,9196.55,37706.27
2020-05-13,9383.55,36488.9
2020-05-14,9142.75,29541.59
2020-05-15,9136.85,25847.33
2020-05-18,8823.25,33347.46
2020-05-19,8879.1,32026.94
2020-05-20,9066.55,30721.99
2020-05-21,9106.25,28303.51
2020-05-22,9039.25,31625.47
2020-05-26,9029.05,30871.59
2020-05-27,9314.95,34603.88
2020-05-28,9490.1,37761.91
2020-05-29,9580.3,45006.25
2020-06-01,9826.15,38096.92
2020-06-02,9979.1,36723.11
2020-06-03,10061.55,38343.61
2020-06-04,10029.1,36399.04
2020-06-05,10142.15,37824.63
2020-06-08,10167.45,37819.06
2020-06-09,10046.65,36201.05
2020-06-10,10116.15,28485.47
2020-06-11,9902.0,30813.85
2020-06-12,9972.9,36505.77
2020-06-15,9813.7,31926.65
2020-06-16,9914.0,36257.89
2020-06-17,9881.15,30700.69
2020-06-18,10091.65,28594.32
2020-06-19,10244.4,48103.56
2020-06-22,10311.2,35529.8
2020-06-23,10471.0,34148.13
2020-06-24,10305.3,41394.45
2020-06-25,10288.9,41726.07
2020-06-26,10383.0,31841.68
2020-06-29,10312.4,27019.46
2020-06-30,10302.1,27342.55
2020-07-01,10430.05,28736.28
2020-07-02,10551.7,31235.17
2020-07-03,10607.35,25186.39
2020-07-06,10763.65,29857.54
2020-07-07,10799.65,36502.37
2020-07-08,10705.75,37676.34
2020-07-09,10813.45,31315.87
2020-07-10,10768.05,31557.58
2020-07-13,10802.7,30606.3
2020-07-14,10607.35,30902.47
2020-07-15,10618.2,42376.03
2020-07-16,10739.95,41453.95
2020-07-17,10901.7,35592.83
2020-07-20,11022.2,32738.64
2020-07-21,11162.25,42461.89
2020-07-22,11132.6,41068.72
2020-07-23,11215.45,32744.93
2020-07-24,11194.15,40217.17
2020-07-27,11131.8,34539.73
2020-07-28,11300.55,38677.47
2020-07-29,11202.85,38726.02
2020-07-30,11102.15,39150.44
2020-07-31,11073.45,36220.09
2020-08-03,10891.6,31149.94
2020-08-04,11095.25,35357.96
2020-08-05,11101.65,34894.58
2020-08-06,11200.15,31501.08
2020-08-07,11214.05,27054.43
2020-08-10,11270.15,29108.25
2020-08-11,11322.5,30314.89
2020-08-12,11308.4,28088.09
2020-08-13,11300.45,26500.52
2020-08-14,11178.4,31059.23
2020-08-17,11247.1,27468.67
2020-08-18,11385.35,27267.51
2020-08-19,11408.4,27528.12
2020-08-20,11312.2,27676.18
2020-08-21,11371.6,26294.26
2020-08-24,11466.45,28920.84
2020-08-25,11472.25,28742.82
2020-08-26,11549.6,34852.01
2020-08-27,11559.25,31580.61
2020-08-28,11647.6,39349.92
2020-08-31,11387.5,61668.55
2020-09-01,11470.25,36752.54
2020-09-02,11535.0,27454.65
2020-09-03,11527.45,26868.26
2020-09-04,11333.85,31746.86
2020-09-07,11355.05,25959.82
2020-09-08,11317.35,27979.7
2020-09-09,11278.0,32660.67
2020-09-10,11449.25,39239.1
2020-09-11,11464.45,29614.09
2020-09-14,11440.05,33996.94
2020-09-15,11521.8,28054.51
2020-09-16,11604.55,27629.71
2020-09-17,11516.1,29674.95
2020-09-18,11504.95,48698.68
2020-09-21,11250.55,37213.23
2020-09-22,11153.65,36296.49
2020-09-23,11131.85,35542.98
2020-09-24,10805.55,33623.71
2020-09-25,11050.25,31122.18
2020-09-28,11227.55,24361.17
2020-09-29,11222.4,26875.14
2020-09-30,11247.55,28134.77
2020-10-01,11416.95,26212.72
2020-10-05,11503.35,31341.55
2020-10-06,11662.4,30373.65
2020-10-07,11738.85,32935.98
2020-10-08,11834.6,38677.49
2020-10-09,11914.2,34546.8
2020-10-12,11930.95,26586.47
2020-10-13,11934.5,29403.22
2020-10-14,11971.05,29940.62
2020-10-15,11680.35,35175.92
2020-10-16,11762.45,30439.19
2020-10-19,11873.05,29888.6
2020-10-20,11896.8,28367.34
2020-10-21,11937.65,37477.13
2020-10-22,11896.45,33013.17
2020-10-23,11930.35,27424.61
2020-10-26,11767.75,29316.02
2020-10-27,11889.4,37989.97
2020-10-28,11729.6,37025.89
2020-10-29,11670.8,30436.62
2020-10-30,11642.4,28151.58
2020-11-02,11669.15,35714.57
2020-11-03,11813.5,36363.95
2020-11-04,11908.5,38552.09
2020-11-05,12120.3,32311.46
2020-11-06,12263.55,34965.94
2020-11-09,12461.05,34255.11
2020-11-10,12631.1,51247.01
2020-11-11,12749.15,54744.55
2020-11-12,12690.8,36794.24
2020-11-13,12719.95,34568.65
2020-11-14,12780.25,5189.38
2020-11-17,12874.2,40977.03
2020-11-18,12938.25,39856.45
2020-11-19,12771.7,44747.08
2020-11-20,12859.05,42992.15
2020-11-23,12926.45,42031.38
2020-11-24,13055.15,37094.23
2020-11-25,12858.4,37401.36
2020-11-26,12987.0,34624.15
2020-11-27,12968.95,78522.93
2020-12-01,13109.05,32917.26
2020-12-02,13113.75,34008.74
2020-12-03,13133.9,39627.71
2020-12-04,13258.55,36428.05
2020-12-07,13355.75,33578.64
2020-12-08,13392.95,33755.81
2020-12-09,13529.1,28726.97
2020-12-10,13478.3,30400.2
2020-12-11,13513.85,33696.57
2020-12-14,13558.15,28133.58
2020-12-15,13567.85,30828.33
2020-12-16,13682.7,27460.18
2020-12-17,13740.7,27712.93
2020-12-18,13760.55,34803.3
2020-12-21,13328.4,38243.62
2020-12-22,13466.3,36328.33
2020-12-23,13601.1,27073.45
2020-12-24,13749.25,24764.35
2020-12-28,13873.2,20923.06
2020-12-29,13932.6,25154.23
2020-12-30,13981.95,24633.12
2020-12-31,13981.75,26305.82
2021-01-01,14018.5,15873.75
2021-01-04,14132.9,28705.09
2021-01-05,14199.5,30872.87
2021-01-06,14146.25,34615.55
2021-01-07,14137.35,33446.47
2021-01-08,14347.25,37615.19
2021-01-11,14484.75,40186.21
2021-01-12,14563.45,44976.12
2021-01-13,14564.85,44682.93
2021-01-14,14595.6,37534.37
2021-01-15,14433.7,39912.18
2021-01-18,14281.3,41716.22
2021-01-19,14521.15,33084.79
2021-01-20,14644.7,34639.36
2021-01-21,14590.35,41939.04
2021-01-22,14371.9,45322.54
2021-01-25,14238.9,42278.39
2021-01-27,13967.5,40579.24
2021-01-28,13817.55,39881.82
2021-01-29,13634.6,46918.29
2021-02-01,14281.2,51840.22
2021-02-02,14647.85,58177.74
2021-02-03,14789.95,49312.35
2021-02-04,14895.65,47811.8
2021-02-05,14924.25,54394.63
2021-02-08,15115.8,40483.96
2021-02-09,15109.3,41930.72
2021-02-10,15106.5,40707.97
2021-02-11,15173.3,30933.44
2021-02-12,15163.3,32304.24
2021-02-15,15314.7,28955.29
2021-02-16,15313.45,36550.03
2021-02-17,15208.9,34073.12
2021-02-18,15118.95,37093.99
2021-02-19,14981.75,37419.34
2021-02-22,14675.7,37578.07
2021-02-23,14707.8,39508.09
2021-02-24,14982.0,23723.99
2021-02-25,15097.35,42983.07
2021-02-26,14529.15,65012.96
2021-03-01,14761.55,30030.57
2021-03-02,14919.1,34647.26
2021-03-03,15245.6,34567.73
2021-03-04,15080.75,36036.02
2021-03-05,14938.1,37811.6
2021-03-08,14956.2,29518.07
2021-03-09,15098.4,38365.48
2021-03-10,15174.8,25603.32
2021-03-12,15030.95,32195.96
2021-03-15,14929.5,28118.0
2021-03-16,14910.45,27975.07
2021-03-17,14721.3,27983.5
2021-03-18,14557.85,31339.71
2021-03-19,14744.0,49011.27
2021-03-22,14736.4,27345.02
2021-03-23,14814.75,30322.09
2021-03-24,14549.4,27868.93
2021-03-25,14324.9,35350.22
2021-03-26,14507.3,29423.45
2021-03-30,14845.1,35117.93
2021-03-31,14690.7,29741.83
2021-04-01,14867.35,29585.23
2021-04-05,14637.8,33885.39
2021-04-06,14683.5,31885.97
2021-04-07,14819.05,35184.96
2021-04-08,14873.8,34444.56
2021-04-09,14834.85,35010.36
2021-04-12,14310.8,43433.24
2021-04-13,14504.8,40846.57
2021-04-15,14581.45,40177.25
2021-04-16,14617.85,36653.65
2021-04-19,14359.45,34751.95
2021-04-20,14296.4,34687.11
2021-04-22,14406.15,37235.71
2021-04-23,14341.35,31894.66
2021-04-26,14485.0,33156.16
2021-04-27,14653.05,32181.14
2021-04-28,14864.55,37650.11
2021-04-29,14894.9,41597.37
2021-04-30,14631.1,40335.86
2021-05-03,14634.15,32538.97
2021-05-04,14496.5,34024.77
2021-05-05,14617.85,28942.47
2021-05-06,14724.8,31015.95
2021-05-07,14823.15,33583.37
2021-05-10,14942.35,31620.64
2021-05-11,14850.75,32955.82
2021-05-12,14696.5,32035.23
2021-05-14,14677.8,39176.28
2021-05-17,14923.15,35571.28
2021-05-18,15108.1,35634.73
2021-05-19,15030.15,31100.21
2021-05-20,14906.05,28002.53
2021-05-21,15175.3,31921.76
2021-05-24,15197.7,32061.04
2021-05-25,15208.45,26871.99
2021-05-26,15301.45,26187.83
2021-05-27,15337.85,48219.93
2021-05-28,15435.65,32992.08
2021-05-31,15582.8,32739.29
2021-06-01,15574.85,27964.09
2021-06-02,15576.2,28781.87
2021-06-03,15690.35,27519.48
2021-06-04,15670.25,25363.03
2021-06-07,15751.65,25411.48
2021-06-08,15740.1,24172.13
2021-06-09,15635.35,26926.49
2021-06-10,15737.75,23032.9
2021-06-11,15799.35,24591.69
2021-06-14,15811.85,28001.5
2021-06-15,15869.25,22181.26
2021-06-16,15767.55,22505.95
2021-06-17,15691.4,26048.47
2021-06-18,15683.35,42024.55
2021-06-21,15746.5,22525.89
2021-06-22,15772.75,24440.47
2021-06-23,15686.95,23222.94
2021-06-24,15790.45,29623.58
2021-06-25,15860.35,26933.22
2021-06-28,15814.7,18713.41
2021-06-29,15748.45,24392.13
2021-06-30,15721.5,20379.76
2021-07-01,15680.0,17359.97
2021-07-02,15722.2,18015.42
2021-07-05,15834.35,14976.54
2021-07-06,15818.25,24456.05
2021-07-07,15879.65,22259.96
2021-07-08,15727.9,19597.95
2021-07-09,15689.8,19976.86
2021-07-12,15692.6,18482.89
2021-07-13,15812.35,18205.97
2021-07-14,15853.95,18372.84
2021-07-15,15924.2,20961.37
2021-07-16,15923.4,18758.13
2021-07-19,15752.4,18088.78
2021-07-20,15632.1,21329.55
2021-07-22,15824.05,23988.39
2021-07-23,15856.05,20685.82
2021-07-26,15824.45,19487.18
2021-07-27,15746.45,26117.34
2021-07-28,15709.4,26090.48
2021-07-29,15778.45,29460.54
2021-07-30,15763.05,30539.63
2021-08-02,15885.15,20766.99
2021-08-03,16130.75,26373.24
2021-08-04,16258.8,32434.78
2021-08-05,16294.6,31386.78
2021-08-06,16238.2,24716.17
2021-08-09,16258.25,18302.03
2021-08-10,16280.1,22600.38
2021-08-11,16282.25,20306.59
2021-08-12,16364.4,18548.87
2021-08-13,16529.1,27163.08
2021-08-16,16563.05,21456.2
2021-08-17,16614.6,25696.44
2021-08-18,16568.85,22721.54
2021-08-20,16450.5,30118.23
2021-08-23,16496.45,24355.77
2021-08-24,16624.6,24992.32
2021-08-25,16634.65,22210.6
2021-08-26,16636.9,22320.21
2021-08-27,16705.2,20499.85
2021-08-30,16931.05,23615.87
2021-08-31,17132.2,40147.89
2021-09-01,17076.25,27691.93
2021-09-02,17234.15,22620.36
2021-09-03,17323.6,23579.17
2021-09-06,17377.8,21270.62
2021-09-07,17362.1,19848.94
2021-09-08,17353.5,22696.35
2021-09-09,17369.25,17719.78
2021-09-13,17355.3,18498.63
2021-09-14,17380.0,18702.82
2021-09-15,17519.45,24256.8
2021-09-16,17629.5,30189.77
2021-09-17,17585.15,43345.58
2021-09-20,17396.9,25304.27
2021-09-21,17562.0,26520.99
2021-09-22,17546.65,21772.23
2021-09-23,17822.95,25005.36
2021-09-24,17853.2,30787.59
2021-09-27,17855.1,24244.98
2021-09-28,17748.6,27055.36
2021-09-29,17711.3,30621.28
2021-09-30,17618.15,27167.19
2021-10-01,17532.05,20911.61
2021-10-04,17691.25,21343.51
2021-10-05,17822.3,23066.8
2021-10-06,17646.0,24504.3
2021-10-07,17790.35,27371.98
2021-10-08,17895.2,22778.68
2021-10-11,17945.95,29000.2
2021-10-12,17991.95,26491.42
2021-10-13,18161.75,34503.0
2021-10-14,18338.55,38903.16
2021-10-18,18477.05,36800.84
2021-10-19,18418.75,30505.86
2021-10-20,18266.6,28968.42
2021-10-21,18178.1,30839.79
2021-10-22,18114.9,26938.88
2021-10-25,18125.4,34572.34
2021-10-26,18268.4,29764.61
2021-10-27,18210.95,30823.75
2021-10-28,17857.25,30222.34
2021-10-29,17671.65,28136.0
2021-11-01,17929.65,24354.38
2021-11-02,17888.95,23371.51
2021-11-03,17829.2,26186.85
2021-11-04,17916.8,3637.06
2021-11-08,18068.55,30908.23
2021-11-09,18044.25,23686.09
2021-11-10,18017.2,22281.11
2021-11-11,17873.6,20074.78
2021-11-12,18102.75,22164.33
2021-11-15,18109.45,19099.6
2021-11-16,17999.2,24101.67
2021-11-17,17898.65,22950.84
2021-11-18,17764.8,22625.36
2021-11-22,17416.55,29570.57
2021-11-23,17503.35,26240.41
2021-11-24,17415.05,23766.93
2021-11-25,17536.25,21953.33
2021-11-26,17026.45,28485.53
2021-11-29,17053.95,27428.2
2021-11-30,16983.2,41494.9
2021-12-01,17166.9,24098.73
2021-12-02,17401.65,22473.64
2021-12-03,17196.7,23100.57
2021-12-06,16912.25,17912.15
2021-12-07,17176.7,21693.69
2021-12-08,17469.75,21665.95
2021-12-09,17516.85,18984.75
2021-12-10,17511.3,16399.53
2021-12-13,17368.25,20592.03
2021-12-14,17324.9,20459.79
2021-12-15,17221.4,17046.42
2021-12-16,17248.4,18493.54
2021-12-17,16985.2,31326.91
2021-12-20,16614.2,25123.59
2021-12-21,16770.85,19783.04
2021-12-22,16955.45,17443.94
2021-12-23,17072.6,15755.89
2021-12-24,17003.75,15435.01
2021-12-27,17086.25,12567.03
2021-12-28,17233.25,14553.76
2021-12-29,17213.6,14320.79
2021-12-30,17203.95,21929.19
2021-12-31,17354.05,14588.54
2022-01-03,17625.7,16181.36
2022-01-04,17805.25,18604.16
2022-01-05,17925.25,23737.31
2022-01-06,17745.9,22643.82
2022-01-07,17812.7,21447.89
2022-01-10,18003.3,20853.64
2022-01-11,18055.75,20781.46
2022-01-12,18212.35,22298.69
2022-01-13,18257.8,28670.93
2022-01-14,18255.75,21024.51
2022-01-17,18308.1,23859.38
2022-01-18,18113.05,20852.67
2022-01-19,17938.4,25310.19
2022-01-20,17757.0,25863.29
2022-01-21,17617.15,25941.64
2022-01-24,17149.1,28387.73
2022-01-25,17277.95,31344.46
2022-01-27,17110.15,36296.64
2022-01-28,17101.95,29799.89
2022-01-31,17339.85,25474.13
2022-02-01,17576.85,30033.66
2022-02-02,17780.0,23611.59
2022-02-03,17560.2,20373.06
2022-02-04,17516.3,20651.85
2022-02-07,17213.6,21925.11
2022-02-08,17266.75,23846.16
2022-02-09,17463.8,19327.67
2022-02-10,17605.85,22210.93
2022-02-11,17374.75,23230.82
2022-02-14,16842.8,24976.16
2022-02-15,17352.45,24765.67
2022-02-16,17322.2,21128.38
2022-02-17,17304.6,19381.26
2022-02-18,17276.3,16126.96
2022-02-21,17206.65,18725.57
2022-02-22,17092.2,24040.84
2022-02-23,17063.25,17662.47
2022-02-24,16247.95,36650.83
2022-02-25,16658.4,25743.77
2022-02-28,16793.9,33831.57
2022-03-02,16605.95,39407.44
2022-03-03,16498.05,31413.0
2022-03-04,16245.35,34821.1
2022-03-07,15863.15,38038.75
2022-03-08,16013.45,38704.4
2022-03-09,16345.35,35329.34
2022-03-10,16594.9,35513.73
2022-03-11,16630.45,24720.34
2022-03-14,16871.3,23824.02
2022-03-15,16663.0,29731.09
2022-03-16,16975.35,21361.32
2022-03-17,17287.05,35367.28
2022-03-21,17117.6,22886.39
2022-03-22,17315.5,27347.6
2022-03-23,17245.65,24705.28
2022-03-24,17222.75,25011.72
2022-03-25,17153.0,20031.39
2022-03-28,17222.0,19976.26
2022-03-29,17325.3,20305.78
2022-03-30,17498.25,28907.47
2022-03-31,17464.75,24032.07
2022-04-01,17670.45,21132.13
2022-04-04,18053.4,38623.94
2022-04-05,17957.4,25096.7
2022-04-06,17807.65,24252.48
2022-04-07,17639.55,26236.91
2022-04-08,17784.35,25608.1
2022-04-11,17674.95,21001.58
2022-04-12,17530.3,23958.77
2022-04-13,17475.65,20229.83
2022-04-18,17173.65,30154.62
2022-04-19,16958.65,35467.13
2022-04-20,17136.55,25972.15
2022-04-21,17392.6,24999.9
2022-04-22,17171.95,23371.7
2022-04-25,16953.95,22699.65
2022-04-26,17200.8,22079.92
2022-04-27,17038.4,25373.8
2022-04-28,17245.05,28488.87
2022-04-29,17102.55,29582.86
2022-05-02,17069.1,21222.64
2022-05-04,16677.6,27405.52
2022-05-05,16682.65,21792.91
2022-05-06,16411.25,25472.95
2022-05-09,16301.85,23274.74
2022-05-10,16240.05,22685.27
2022-05-11,16167.1,22994.38
2022-05-12,15808.0,25352.34
2022-05-13,15782.15,27454.12
2022-05-16,15842.3,17852.19
2022-05-17,16259.3,22782.99
2022-05-18,16240.3,23889.84
2022-05-19,15809.4,24340.84
2022-05-20,16266.15,22806.69
2022-05-23,16214.7,25110.85
2022-05-24,16125.15,21895.75
2022-05-25,16025.8,21400.14
2022-05-26,16170.15,27721.21
2022-05-27,16352.45,21341.98
2022-05-30,16661.4,21216.5
2022-05-31,16584.55,52929.35
2022-06-01,16522.75,19350.33
2022-06-02,16628.0,20055.84
2022-06-03,16584.3,22249.29
2022-06-06,16569.55,17999.41
2022-06-07,16416.35,17921.95
2022-06-08,16356.25,18336.15
2022-06-09,16478.1,16721.68
2022-06-10,16201.8,18388.03
2022-06-13,15774.4,20002.64
2022-06-14,15732.1,19825.41
2022-06-15,15692.15,16063.24
2022-06-16,15360.6,21383.06
2022-06-17,15293.5,29074.0
2022-06-20,15350.15,18531.78
2022-06-21,15638.8,18934.27
2022-06-22,15413.3,16817.07
2022-06-23,15556.65,21722.06
2022-06-24,15699.25,18259.72
2022-06-27,15832.05,17770.42
2022-06-28,15850.2,18419.75
2022-06-29,15799.1,22528.57
2022-06-30,15780.25,23970.65
2022-07-01,15752.05,25891.94
2022-07-04,15835.35,19875.22
2022-07-05,15810.85,19129.6
2022-07-06,15989.8,22836.77
2022-07-07,16132.9,21465.33
2022-07-08,16220.6,20990.69
2022-07-11,16216.0,20240.69
2022-07-12,16058.3,16042.52
2022-07-13,15966.65,19649.66
2022-07-14,15938.65,18858.83
2022-07-15,16049.2,17031.43
2022-07-18,16278.5,19420.93
2022-07-19,16340.55,18068.59
2022-07-20,16520.85,22061.81
2022-07-21,16605.25,20603.17
2022-07-22,16719.45,18600.11
2022-07-25,16631.0,19384.43
2022-07-26,16483.85,20087.54
2022-07-27,16641.8,17608.03
2022-07-28,16929.6,26674.28
2022-07-29,17158.25,28241.29
2022-08-01,17340.05,23221.04
2022-08-02,17345.45,22576.94
2022-08-03,17388.15,20842.13
2022-08-04,17382.0,21848.21
2022-08-05,17397.5,20013.14
2022-08-08,17525.1,18475.21
2022-08-10,17534.75,21952.35
2022-08-11,17659.0,20476.53
2022-08-12,17698.15,18422.47
2022-08-16,17825.25,18495.27
2022-08-17,17944.25,21209.54
2022-08-18,17956.5,18441.68
2022-08-19,17758.45,21531.99
2022-08-22,17490.7,19605.44
2022-08-23,17577.5,20365.8
2022-08-24,17604.95,17819.88
2022-08-25,17522.45,17566.7
2022-08-26,17558.9,17500.8
2022-08-29,17312.9,19351.5
2022-08-30,17759.3,26284.26
2022-09-01,17542.8,26813.95
2022-09-02,17539.45,19548.88
2022-09-05,17665.8,17011.26
2022-09-06,17655.6,17521.09
2022-09-07,17624.4,25419.5
2022-09-08,17798.75,19925.25
2022-09-09,17833.35,20564.06
2022-09-12,17936.35,17648.17
2022-09-13,18070.05,21039.08
2022-09-14,18003.75,26611.96
2022-09-15,17877.4,22007.78
2022-09-16,17530.85,36013.89
2022-09-19,17622.25,19548.99
2022-09-20,17816.25,20456.69
2022-09-21,17718.35,19816.78
2022-09-22,17629.8,21303.96
2022-09-23,17327.35,23750.53
2022-09-26,17016.3,27533.01
2022-09-27,17007.4,22712.8
2022-09-28,16858.6,21400.93
2022-09-29,16818.1,24758.63
2022-09-30,17094.35,26205.63
2022-10-03,16887.35,21860.54
2022-10-04,17274.3,18480.43
2022-10-06,17331.8,20404.46
2022-10-07,17314.65,17043.26
2022-10-10,17241.0,16220.67
2022-10-11,16983.55,22178.37
2022-10-12,17123.6,18098.41
2022-10-13,17014.35,18189.64
2022-10-14,17185.7,17813.47
2022-10-17,17311.8,16887.83
2022-10-18,17486.95,18224.95
2022-10-19,17512.25,17200.79
2022-10-20,17563.95,18345.6
2022-10-21,17576.3,23547.38
2022-10-24,17730.75,3772.49
2022-10-25,17656.35,20338.32
2022-10-27,17736.95,24166.3
2022-10-28,17786.8,19099.59
2022-10-31,18012.2,19846.47
2022-11-01,18145.4,26796.59
2022-11-02,18082.85,20072.62
2022-11-03,18052.7,16037.78
2022-11-04,18117.15,21062.54
2022-11-07,18202.8,25124.84
2022-11-09,18157.0,23344.58
2022-11-10,18028.2,19848.06
2022-11-11,18349.7,30732.11
2022-11-14,18329.15,21697.66
2022-11-15,18403.4,17836.19
2022-11-16,18409.65,19732.87
2022-11-17,18343.9,16410.36
2022-11-18,18307.65,16553.69
2022-11-21,18159.95,15037.5
2022-11-22,18244.2,14750.98
2022-11-23,18267.25,15674.45
2022-11-24,18484.1,18218.35
2022-11-25,18512.75,17112.8
2022-11-28,18562.75,19006.92
2022-11-29,18618.05,16568.17
2022-11-30,18758.35,32757.21
2022-12-01,18812.5,22216.65
2022-12-02,18696.1,20233.76
2022-12-05,18701.05,19471.83
2022-12-06,18642.75,17772.27
2022-12-07,18560.5,17496.8
2022-12-08,18609.35,19277.65
2022-12-09,18496.6,20317.78
2022-12-12,18497.15,16688.2
2022-12-13,18608.0,16536.17
2022-12-14,18660.3,16626.0
2022-12-15,18414.9,15618.55
2022-12-16,18269.0,23292.95
2022-12-19,18420.45,14455.23
2022-12-20,18385.3,15038.56
2022-12-21,18199.1,17223.44
2022-12-22,18127.35,16725.23
2022-12-23,17806.8,18486.94
2022-12-26,18014.6,13708.21
2022-12-27,18132.3,13000.64
2022-12-28,18122.5,13997.59
2022-12-29,18191.0,18466.05
2022-12-30,18105.3,14475.22
2023-01-02,18197.45,11793.06
2023-01-03,18232.55,13680.91
2023-01-04,18042.95,16687.71
2023-01-05,17992.15,22108.53
2023-01-06,17859.45,17495.25
2023-01-09,18101.2,19916.16
2023-01-10,17914.15,20570.3
2023-01-11,17895.7,20204.33
2023-01-12,17858.2,19762.43
2023-01-13,17956.6,21341.7
2023-01-16,17894.85,16728.37
2023-01-17,18053.3,17461.09
2023-01-18,18165.35,20500.07
2023-01-19,18107.85,18413.13
2023-01-20,18027.65,19519.96
2023-01-23,18118.55,17060.12
2023-01-24,18118.3,19705.91
2023-01-25,17891.95,20890.56
2023-01-27,17604.35,40104.83
2023-01-30,17648.95,38159.88
2023-01-31,17662.15,35023.7
2023-02-01,17616.3,38486.19
2023-02-02,17610.4,37639.96
2023-02-03,17854.05,34503.67
2023-02-06,17764.6,21864.88
2023-02-07,17721.5,23611.08
2023-02-08,17871.7,23733.4
2023-02-09,17893.45,21529.97
2023-02-10,17856.5,17063.99
2023-02-13,17770.9,17406.31
2023-02-14,17929.85,20579.8
2023-02-15,18015.85,21457.34
2023-02-16,18035.85,18891.55
2023-02-17,17944.2,16998.33
2023-02-20,17844.6,14729.07
2023-02-21,17826.7,15593.09
2023-02-22,17554.3,17162.09
2023-02-23,17511.25,19313.68
2023-02-24,17465.8,16100.18
2023-02-27,17392.7,16638.41
2023-02-28,17303.95,32959.77
2023-03-01,17450.9,19784.53
2023-03-02,17321.9,22068.68
2023-03-03,17594.35,24143.96
2023-03-06,17711.45,26959.41
2023-03-08,17754.4,23155.56
2023-03-09,17589.6,21964.17
2023-03-10,17412.9,19794.73
2023-03-13,17154.3,22860.67
2023-03-14,17043.3,26057.6
2023-03-15,16972.15,22659.09
2023-03-16,16985.6,24198.71
2023-03-17,17100.05,30478.42
2023-03-20,16988.4,21454.09
2023-03-21,17107.5,22039.11
2023-03-22,17151.9,15712.0
2023-03-23,17076.9,19676.97
2023-03-24,16945.05,19019.88
2023-03-27,16985.7,18466.56
2023-03-28,16951.7,20942.5
2023-03-29,17080.7,27261.74
2023-03-31,17359.75,24970.98
2023-04-03,17398.05,20359.58
2023-04-05,17557.05,23911.75
2023-04-06,17599.15,23543.21
2023-04-10,17624.05,21092.06
2023-04-11,17722.3,25841.64
2023-04-12,17812.4,22851.93
2023-04-13,17828.0,26460.2
2023-04-17,17706.85,35118.57
2023-04-18,17660.15,23032.99
2023-04-19,17618.75,21562.08
2023-04-20,17624.45,19457.45
2023-04-21,17624.05,19091.44
2023-04-24,17743.4,23142.94
2023-04-25,17769.25,28819.53
2023-04-26,17813.6,21295.14
2023-04-27,17915.05,24454.15
2023-04-28,18065.0,27026.12
2023-05-02,18147.65,23615.47
2023-05-03,18089.85,19079.79
2023-05-04,18255.8,21889.48
2023-05-05,18069.0,26152.88
2023-05-08,18264.4,22687.94
2023-05-09,18265.95,23478.06
2023-05-10,18315.1,21416.41
2023-05-11,18297.0,26440.1
2023-05-12,18314.8,22046.04
2023-05-15,18398.85,19329.75
2023-05-16,18286.5,21063.78
2023-05-17,18181.75,20903.12
2023-05-18,18129.95,24172.44
2023-05-19,18203.4,22105.67
2023-05-22,18314.4,25147.58
2023-05-23,18348.0,28648.15
2023-05-24,18285.4,24273.17
2023-05-25,18321.15,22411.41
2023-05-26,18499.35,19094.08
2023-05-29,18598.65,19237.57
2023-05-30,18633.85,21660.69
2023-05-31,18534.4,70755.08
2023-06-01,18487.75,24056.99
2023-06-02,18534.1,23171.88
2023-06-05,18593.85,20369.16
2023-06-06,18599.0,21957.47
2023-06-07,18726.4,21482.77
2023-06-08,18634.55,22762.3
2023-06-09,18563.4,20181.42
2023-06-12,18601.5,15386.04
2023-06-13,18716.15,22612.62
2023-06-14,18755.9,19520.08
2023-06-15,18688.1,24820.77
2023-06-16,18826.0,28877.67
2023-06-19,18755.45,22699.84
2023-06-20,18816.7,19687.08
2023-06-21,18856.85,19102.48
2023-06-22,18771.25,24990.87
2023-06-23,18665.5,20619.6
2023-06-26,18691.2,17355.14
2023-06-27,18817.4,21415.89
2023-06-28,18972.1,37356.94
2023-06-30,19189.05,26376.62
2023-07-03,19322.55,22681.54
2023-07-04,19389.0,26634.06
2023-07-05,19398.5,24699.24
2023-07-06,19497.3,28540.18
2023-07-07,19331.8,23089.25
2023-07-10,19355.9,25991.55
2023-07-11,19439.4,26883.78
2023-07-12,19384.3,40163.14
2023-07-13,19413.75,27244.56
2023-07-14,19564.5,25484.44
2023-07-17,19711.45,25975.57
2023-07-18,19749.25,33269.08
2023-07-19,19833.15,26447.9
2023-07-20,19979.15,30622.66
2023-07-21,19745.0,33802.14
2023-07-24,19672.35,24522.29
2023-07-25,19680.6,29665.67
2023-07-26,19778.3,23023.86
2023-07-27,19659.9,35019.13
2023-07-28,19646.05,22995.98
2023-07-31,19753.8,23075.38
2023-08-01,19733.55,24554.71
2023-08-02,19526.55,23997.47
2023-08-03,19381.65,29899.38
2023-08-04,19517.0,28086.15
2023-08-07,19597.3,21655.87
2023-08-08,19570.85,25437.47
2023-08-09,19632.55,23201.75
2023-08-10,19543.1,29430.34
2023-08-11,19428.3,24521.24
2023-08-14,19434.55,22767.43
2023-08-16,19465.0,21484.66
2023-08-17,19365.25,26505.65
2023-08-18,19310.15,25641.41
2023-08-21,19393.6,20738.75
2023-08-22,19396.45,20226.48
2023-08-23,19444.0,20167.16
2023-08-24,19386.7,24338.24
2023-08-25,19265.8,24998.12
2023-08-28,19306.05,18237.22
2023-08-29,19342.65,22501.12
2023-08-30,19347.45,19877.49
2023-08-31,19253.8,45699.54
2023-09-01,19435.3,25962.38
2023-09-04,19528.8,24822.79
2023-09-05,19574.9,24029.89
2023-09-06,19611.05,32500.52
2023-09-07,19727.05,23591.0
2023-09-08,19819.95,23530.84
2023-09-11,19996.35,21924.34
2023-09-12,19993.2,30110.8
2023-09-13,20070.0,24332.36
2023-09-14,20103.1,21902.65
2023-09-15,20192.35,42681.35
2023-09-18,20133.3,21135.95
2023-09-20,19901.4,37351.58
2023-09-21,19742.35,26711.83
2023-09-22,19674.25,24137.57
2023-09-25,19674.55,20194.48
2023-09-26,19664.7,18118.19
2023-09-27,19716.45,19659.17
2023-09-28,19523.55,30069.78
2023-09-29,19638.3,20978.72
2023-10-03,19528.75,21459.58
2023-10-04,19436.1,26017.47
2023-10-05,19545.75,22019.04
2023-10-06,19653.5,16096.52
2023-10-09,19512.35,15499.67
2023-10-10,19689.85,18735.62
2023-10-11,19811.35,19900.99
2023-10-12,19794.0,20999.94
2023-10-13,19751.05,24363.02
2023-10-16,19731.75,14746.01
2023-10-17,19811.5,16839.87
2023-10-18,19671.1,18581.64
2023-10-19,19624.7,23582.01
2023-10-20,19542.65,17944.31
2023-10-23,19281.75,16212.9
2023-10-25,19122.15,19818.32
2023-10-26,18857.25,28939.64
2023-10-27,19047.25,19947.48
2023-10-30,19140.9,17095.73
2023-10-31,19079.6,19397.36
2023-11-01,18989.15,18452.51
2023-11-02,19133.25,19771.49
2023-11-03,19230.6,17304.87
2023-11-06,19411.75,16296.56
2023-11-07,19406.7,18288.06
2023-11-08,19443.5,17060.45
2023-11-09,19395.3,19087.29
2023-11-10,19425.35,12916.21
2023-11-12,19525.55,2482.27
2023-11-13,19443.55,13527.22
2023-11-15,19675.45,24957.24
2023-11-16,19765.2,26041.45
2023-11-17,19731.8,21681.28
2023-11-20,19694.0,16737.05
2023-11-21,19783.4,17947.2
2023-11-22,19811.85,17405.48
2023-11-23,19802.0,15906.94
2023-11-24,19794.7,14389.29
2023-11-28,19889.7,23043.25
2023-11-29,20096.6,22367.64
2023-11-30,20133.15,48877.95
2023-12-01,20267.9,22461.53
2023-12-04,20686.8,33917.52
2023-12-05,20855.1,41763.52
2023-12-06,20937.7,35654.76
2023-12-07,20901.15,24862.43
2023-12-08,20969.4,27449.96
2023-12-11,20997.1,21150.17
2023-12-12,20906.4,25404.64
2023-12-13,20926.35,25918.44
2023-12-14,21182.7,32593.42
2023-12-15,21456.65,50114.46
2023-12-18,21418.65,23615.28
2023-12-19,21453.1,23750.61
2023-12-20,21150.15,30993.12
2023-12-21,21255.05,26001.02
2023-12-22,21349.4,27709.29
2023-12-26,21441.35,20081.33
2023-12-27,21654.75,23059.25
2023-12-28,21778.7,35031.0
2023-12-29,21731.4,23697.88
2024-01-01,21741.9,14184.09
2024-01-02,21665.8,25316.13
2024-01-03,21517.35,32329.23
2024-01-04,21658.6,30868.15
2024-01-05,21710.8,26554.49
2024-01-08,21513.0,21140.94
2024-01-09,21544.85,24055.74
2024-01-10,21618.7,20958.96
2024-01-11,21647.2,23492.12
2024-01-12,21894.55,30565.5
2024-01-15,22097.45,29523.15
2024-01-16,22032.3,24435.94
2024-01-17,21571.95,47533.44
2024-01-18,21462.25,39718.84
2024-01-19,21622.4,34429.24
2024-01-20,21571.8,13917.46
2024-01-23,21238.8,48813.68
2024-01-24,21453.95,41718.64
2024-01-25,21352.6,40088.5
2024-01-29,21737.6,34516.42
2024-01-30,21522.1,32916.3
2024-01-31,21725.7,41587.85
2024-02-01,21697.45,34042.15
2024-02-02,21853.8,38395.9
2024-02-05,21771.7,33807.94
2024-02-06,21929.4,32910.82
2024-02-07,21930.5,30088.76
2024-02-08,21717.95,41082.02
2024-02-09,21782.5,31176.16
2024-02-12,21616.05,23921.14
2024-02-13,21743.25,29896.62
2024-02-14,21840.05,32535.0
2024-02-15,21910.75,29559.69
2024-02-16,22040.7,30666.89
2024-02-19,22122.25,21375.71
2024-02-20,22196.95,26872.32
2024-02-21,22055.05,29741.39
2024-02-22,22217.45,33985.94
2024-02-23,22212.7,24617.01
2024-02-26,22122.05,20850.26
2024-02-27,22198.35,24620.71
2024-02-28,21951.15,20579.8
2024-02-29,21982.8,40196.12
2024-03-01,22338.75,29646.47
2024-03-04,22405.6,23771.71
2024-03-05,22356.3,29165.37
2024-03-06,22474.05,31029.01
2024-03-07,22493.55,33558.46
2024-03-11,22332.65,27222.37
2024-03-12,22335.7,29781.12
2024-03-13,21997.7,40109.23
2024-03-14,22146.65,37348.3
2024-03-15,22023.35,60260.88
2024-03-18,22055.7,23015.51
2024-03-19,21817.45,30291.6
2024-03-20,21839.1,28939.85
2024-03-21,22011.95,31258.4
2024-03-22,22096.75,39023.19
2024-03-26,22004.7,33382.08
2024-03-27,22123.65,38830.73
2024-03-28,22326.9,45656.57
2024-04-01,22462.0,21420.69
2024-04-02,22453.3,27940.93
2024-04-03,22434.65,30793.28
2024-04-04,22514.65,40705.56
2024-04-05,22513.7,24797.82
2024-04-08,22666.3,22480.2
2024-04-09,22642.75,21651.69
2024-04-10,22753.8,25355.05
2024-04-12,22519.4,36456.91
2024-04-15,22272.5,29474.59
2024-04-16,22147.9,28661.04
2024-04-18,21995.85,43314.67
2024-04-19,22147.0,36073.63
2024-04-22,22336.4,26841.2
2024-04-23,22368.0,25651.64
2024-04-24,22402.4,21925.6
2024-04-25,22570.35,53803.8
2024-04-26,22419.95,36984.89
2024-04-29,22643.4,32431.45
2024-04-30,22604.85,38741.7
2024-05-02,22648.2,43133.31
2024-05-03,22475.85,44432.55
2024-05-06,22442.7,33417.53
2024-05-07,22302.5,31512.26
2024-05-08,22302.5,29717.33
2024-05-09,21957.5,37870.88
2024-05-10,22055.2,28717.71
2024-05-13,22104.05,29036.08
2024-05-14,22217.85,23741.66
2024-05-15,22200.55,23815.79
2024-05-16,22403.85,38836.11
2024-05-17,22466.1,27388.67
2024-05-18,22502.0,1572.77
2024-05-21,22529.05,30782.35
2024-05-22,22597.8,28556.14
2024-05-23,22967.65,39157.65
2024-05-24,22957.1,27966.99
2024-05-27,22932.45,27204.54
2024-05-28,22888.15,23054.65
2024-05-29,22704.7,27549.09
2024-05-30,22488.65,32991.46
2024-05-31,22530.7,67040.32
2024-06-03,23263.9,56418.25
2024-06-04,21884.5,93786.44
2024-06-05,22620.35,64326.85
2024-06-06,22821.4,49047.39
2024-06-07,23290.15,47621.54
2024-06-10,23259.2,29060.4
2024-06-11,23264.85,29190.91
2024-06-12,23322.95,31795.48
2024-06-13,23398.9,30151.67
2024-06-14,23465.6,25746.34
2024-06-18,23557.9,29389.75
2024-06-19,23516.0,39430.39
2024-06-20,23567.0,33390.07
2024-06-21,23501.1,70062.97
2024-06-24,23537.85,24862.37
2024-06-25,23721.3,34263.36
2024-06-26,23868.8,33979.62
2024-06-27,24044.5,61216.71
2024-06-28,24010.6,41242.87
2024-07-01,24141.95,28204.06
2024-07-02,24123.85,34838.65
2024-07-03,24286.5,36661.17
2024-07-04,24302.15,28466.6
2024-07-05,24323.85,32052.48
2024-07-08,24320.55,26356.03
2024-07-09,24433.2,29361.08
2024-07-10,24324.45,35358.54
2024-07-11,24315.95,32115.44
2024-07-12,24502.15,39565.33
2024-07-15,24586.7,31593.04
2024-07-16,24613.0,28668.71
2024-07-18,24800.85,40477.17
2024-07-19,24530.9,33588.08
2024-07-22,24509.25,32496.23
2024-07-23,24479.05,44921.42
2024-07-24,24413.5,39538.11
2024-07-25,24406.1,37853.62
2024-07-26,24834.85,42118.36
2024-07-29,24836.1,37102.92
2024-07-30,24857.3,37576.58
2024-07-31,24951.15,35411.32
2024-08-01,25010.9,38822.9
2024-08-02,24717.7,35368.54
2024-08-05,24055.6,45066.65
2024-08-06,23992.55,31553.65
2024-08-07,24297.5,29738.85
2024-08-08,24117.0,30858.18
2024-08-09,24367.5,22339.19
2024-08-12,24347.0,30311.85
2024-08-13,24139.0,25459.58
2024-08-14,24143.75,27834.61
2024-08-16,24541.15,28521.9
2024-08-19,24572.65,22124.41
2024-08-20,24698.85,25478.73
2024-08-21,24770.2,27404.63
2024-08-22,24811.5,24227.03
2024-08-23,24823.15,23134.22
2024-08-26,25010.6,22166.86
2024-08-27,25017.75,26695.0
2024-08-28,25052.35,26994.19
2024-08-29,25151.95,43221.73
2024-08-30,25235.9,89554.91
2024-09-02,25278.7,28187.71
2024-09-03,25279.85,27276.14
2024-09-04,25198.7,26293.35
2024-09-05,25145.1,26272.38
2024-09-06,24852.15,33001.17
2024-09-09,24936.4,25180.28
2024-09-10,25041.1,27846.31
2024-09-11,24918.45,29395.73
2024-09-12,25388.9,41747.91
2024-09-13,25356.5,25530.69
2024-09-16,25383.75,18705.01
2024-09-17,25418.55,25280.83
2024-09-18,25377.55,28832.0
2024-09-19,25415.8,34389.27
2024-09-20,25790.95,68915.27
2024-09-23,25939.05,24825.74
2024-09-24,25940.4,35573.63
2024-09-25,26004.15,27868.08
2024-09-26,26216.05,40838.36
2024-09-27,26178.95,55420.63
2024-09-30,25810.85,36028.06
2024-10-01,25796.9,27473.29
2024-10-03,25250.1,45689.5
2024-10-04,25014.6,42719.71
2024-10-07,24795.75,40550.24
2024-10-08,25013.15,33493.36
2024-10-09,24981.95,30877.63
2024-10-10,24998.45,28046.45
2024-10-11,24964.25,21734.97
2024-10-14,25127.95,21270.9
2024-10-15,25057.35,29113.88
2024-10-16,24971.3,24115.83
2024-10-17,24749.85,32606.34
2024-10-18,24854.05,31772.76
2024-10-21,24781.1,32207.22
2024-10-22,24472.1,32801.59
2024-10-23,24435.5,31928.1
2024-10-24,24399.4,27817.66
2024-10-25,24180.8,37068.91
2024-10-28,24339.15,28136.06
2024-10-29,24466.85,35579.48
2024-10-30,24340.85,31068.7
2024-10-31,24205.35,33403.89
2024-11-01,24304.35,3348.45
2024-11-04,23995.35,31561.52
2024-11-05,24213.3,30074.77
2024-11-06,24484.05,34108.84
2024-11-07,24199.35,30971.89
2024-11-08,24148.2,27670.3
2024-11-11,24141.3,26600.28
2024-11-12,23883.45,26852.73
2024-11-13,23559.05,27765.81
2024-11-14,23532.7,24814.37
2024-11-18,23453.8,25257.33
2024-11-19,23518.5,30486.78
2024-11-21,23349.9,40900.89
2024-11-22,23907.25,39257.52
2024-11-25,24221.9,85975.81
2024-11-26,24194.5,24140.67
2024-11-27,24274.9,31149.09
2024-11-28,23914.15,41198.27
2024-11-29,24131.1,30509.98
2024-12-02,24276.05,23162.75
2024-12-03,24457.15,34228.3
2024-12-04,24467.45,34639.78
2024-12-05,24708.4,40471.33
2024-12-06,24677.8,23904.13
2024-12-09,24619.0,25099.79
2024-12-10,24610.05,26093.38
2024-12-11,24641.8,21592.23
2024-12-12,24548.7,28235.17
2024-12-13,24768.3,30429.73
2024-12-16,24668.25,18608.23
2024-12-17,24336.0,26765.16
2024-12-18,24198.85,23315.92
2024-12-19,23951.7,27815.23
2024-12-20,23587.5,47084.68
2024-12-23,23753.45,18243.28
2024-12-24,23727.65,16010.71
2024-12-26,23750.2,16695.1
2024-12-27,23813.4,17164.99
2024-12-30,23644.9,33823.95
2024-12-31,23644.8,18646.79
2025-01-01,23742.9,14266.26
2025-01-02,24188.65,32237.25
2025-01-03,24004.75,29411.99
2025-01-06,23616.05,25853.64
2025-01-07,23707.9,22485.65
2025-01-08,23688.95,24718.54
2025-01-09,23526.5,26793.85
2025-01-10,23431.5,25017.6
2025-01-13,23085.95,26890.37
2025-01-14,23176.05,31174.05
2025-01-15,23213.2,21587.78
2025-01-16,23311.8,29784.82
2025-01-17,23203.2,27040.78
2025-01-20,23344.75,27333.97
2025-01-21,23024.65,30106.72
2025-01-22,23155.35,25462.05
2025-01-23,23205.35,27723.78
2025-01-24,23092.2,24412.46
2025-01-27,22829.15,24202.41
2025-01-28,22957.25,33221.8
2025-01-29,23163.1,22307.38
2025-01-30,23249.5,35252.87
2025-01-31,23508.4,28638.01
2025-02-01,23482.15,25741.04
2025-02-03,23361.05,32019.13
2025-02-04,23739.25,35974.3
2025-02-05,23696.3,25806.44
2025-02-06,23603.35,30885.59
2025-02-07,23559.95,30042.0
2025-02-10,23381.6,21254.72
2025-02-11,23071.8,27191.96
2025-02-12,23045.25,26989.94
2025-02-13,23031.4,25218.86
2025-02-14,22929.25,22049.89
2025-02-17,22959.5,19809.44
2025-02-18,22945.3,19431.37
2025-02-19,22932.9,19817.93
2025-02-20,22913.15,21303.88
2025-02-21,22795.9,21994.37
2025-02-24,22553.35,20772.95
2025-02-25,22547.55,24917.83
2025-02-27,22545.05,29775.64
2025-02-28,22124.7,52745.2
2025-03-03,22119.3,25942.05
2025-03-04,22082.65,22979.56
2025-03-05,22337.3,26371.61
2025-03-06,22544.7,30550.28
2025-03-07,22552.5,21446.95
2025-03-10,22460.3,22330.86
2025-03-11,22497.9,29208.22
2025-03-12,22470.5,33406.41
2025-03-13,22397.2,22855.58
2025-03-17,22508.75,24122.27
2025-03-18,22834.3,26387.47
2025-03-19,22907.6,26994.95
2025-03-20,23190.65,27573.99
2025-03-21,23350.4,51005.67
2025-03-24,23658.35,28871.35
2025-03-25,23668.65,35415.03
2025-03-26,23486.85,26877.28
2025-03-27,23591.95,46481.84
2025-03-28,23519.35,29156.37
2025-04-01,23165.7,30680.7
2025-04-02,23332.35,24334.3
2025-04-03,23250.1,23501.33
2025-04-04,22904.45,33761.96
2025-04-07,22161.6,49172.14
2025-04-08,22535.85,37226.82
2025-04-09,22399.15,28996.55
2025-04-11,22828.55,33683.6
2025-04-15,23328.55,34216.17
2025-04-16,23437.2,28102.36
2025-04-17,23851.65,38450.09
2025-04-21,24125.55,33125.62
2025-04-22,24167.25,35479.29
2025-04-23,24328.95,34527.08
2025-04-24,24246.7,33057.29
2025-04-25,24039.35,33430.86
2025-04-28,24328.5,28278.82
2025-04-29,24335.95,30436.88
2025-04-30,24334.2,41073.48
2025-05-02,24346.7,34043.27
2025-05-05,24461.15,26918.36
2025-05-06,24379.6,26481.15
2025-05-07,24414.4,27648.34
2025-05-08,24273.8,36893.06
2025-05-09,24008.0,28942.61
2025-05-12,24924.7,30362.27
2025-05-13,24578.35,34576.66
2025-05-14,24666.9,25585.37
2025-05-15,25062.1,44147.39
2025-05-16,25019.8,43815.86
2025-05-19,24945.45,21598.6
2025-05-20,24683.9,31063.03
2025-05-21,24813.45,23179.85
2025-05-22,24609.7,30579.52
2025-05-23,24853.15,20200.73
2025-05-26,25001.15,20060.68
2025-05-27,24826.2,33638.3
2025-05-28,24752.45,37143.55
2025-05-29,24833.6,29730.05
2025-05-30,24750.7,52247.87
2025-06-02,24716.6,25091.04
2025-06-03,24542.5,28906.4
2025-06-04,24620.2,21907.07
2025-06-05,24750.9,30186.46
2025-06-06,25003.05,30041.71
2025-06-09,25103.2,25606.21
2025-06-10,25104.25,28813.93
2025-06-11,25141.4,25871.18
2025-06-12,24888.2,29573.27
2025-06-13,24718.6,24838.56
2025-06-16,24946.5,23857.15
2025-06-17,24853.4,21818.05
2025-06-18,24812.05,22044.05
2025-06-19,24793.25,23620.79
2025-06-20,25112.4,55782.03
2025-06-23,24971.9,20797.88
2025-06-24,25044.35,35508.9
2025-06-25,25244.75,22985.17
2025-06-26,25549.0,38689.39
2025-06-27,25637.8,47108.6
2025-06-30,25517.05,24673.48
2025-07-01,25541.8,23921.02
2025-07-02,25453.4,26681.66
2025-07-03,25405.3,24531.7
2025-07-04,25461.0,19101.33
2025-07-07,25461.3,16923.26
2025-07-08,25522.5,21947.32
2025-07-09,25476.1,20549.5
2025-07-10,25355.25,21435.36
2025-07-11,25149.85,26251.65
2025-07-14,25082.3,23316.33
2025-07-15,25195.8,23282.7
2025-07-16,25212.05,22254.54
2025-07-17,25111.45,24715.35
2025-07-18,24968.4,26330.8
2025-07-21,25090.7,26062.25
2025-07-22,25060.9,31248.06
2025-07-23,25219.9,23042.49
2025-07-24,25062.1,27433.34
2025-07-25,24837.0,25273.64
2025-07-28,24680.9,24976.54
2025-07-29,24821.1,25954.42
2025-07-30,24855.05,23525.25
2025-07-31,24768.35,30477.71
2025-08-01,24565.35,24972.45
2025-08-04,24722.75,20372.68
2025-08-05,24649.55,23815.36
2025-08-06,24574.2,20559.22
2025-08-07,24596.15,35574.59
2025-08-08,24363.3,38135.74
2025-08-11,24585.05,21081.61
2025-08-12,24487.4,22258.29
2025-08-13,24619.35,22843.14
2025-08-14,24631.3,22375.44
2025-08-18,24876.95,37637.67
2025-08-19,24980.65,24781.97
2025-08-20,25050.55,25330.45
2025-08-21,25083.75,21865.07
2025-08-22,24870.1,19655.78
2025-08-25,24967.75,19871.25
2025-08-26,24712.05,47068.2
2025-08-28,24500.9,29371.67
2025-08-29,24426.85,26796.69
2025-09-01,24625.05,20704.88
2025-09-02,24579.6,22051.8
2025-09-03,24715.05,23533.08
2025-09-04,24734.3,30252.19
2025-09-05,24741.0,18530.24
2025-09-08,24773.15,20122.88
2025-09-09,24868.6,22356.88
2025-09-10,24973.1,22458.98
2025-09-11,25005.5,21316.72
2025-09-12,25114.0,21335.67
2025-09-15,25069.2,17115.6
2025-09-16,25239.1,22642.86
2025-09-17,25330.25,23484.12
2025-09-18,25423.6,24198.11
2025-09-19,25327.05,38805.58
2025-09-22,25202.35,25277.82
2025-09-23,25169.5,31435.17
2025-09-24,25056.9,22310.05
2025-09-25,24890.85,32715.91
2025-09-26,24654.7,29987.93
2025-09-29,24634.9,40004.93
2025-09-30,24611.1,29285.11
2025-10-01,24836.3,29041.17
2025-10-03,24894.25,31409.06
2025-10-06,25077.65,25160.76
2025-10-07,25108.3,26176.23
2025-10-08,25046.15,21701.19
2025-10-09,25181.8,22617.86
2025-10-10,25285.35,21749.23
2025-10-13,25227.35,20806.83
2025-10-14,25145.5,24151.97
2025-10-15,25323.55,25202.02
2025-10-16,25585.3,32008.64
2025-10-17,25709.85,35106.96
2025-10-20,25843.15,29637.12
2025-10-21,25868.6,3831.1
2025-10-23,25891.4,41777.68
2025-10-24,25795.15,23527.98
2025-10-27,25966.05,23989.06
2025-10-28,25936.2,37023.32
2025-10-29,26053.9,26309.32
2025-10-30,25877.85,24180.46
2025-10-31,25722.1,28788.4
2025-11-03,25763.35,23949.88
2025-11-04,25597.65,29307.41
2025-11-06,25509.7,36129.62
2025-11-07,25492.3,35487.0
2025-11-10,25574.35,25023.65
2025-11-11,25694.95,28285.51
2025-11-12,25875.8,30633.19
2025-11-13,25879.15,30145.74
2025-11-14,25910.05,33121.81
2025-11-17,26013.45,23384.35
2025-11-18,25910.05,26059.6
2025-11-19,26052.65,24496.86
2025-11-20,26192.15,25000.17
2025-11-21,26068.15,24720.07
2025-11-24,25959.5,44895.45
2025-11-25,25884.8,25320.15
2025-11-26,26205.3,31666.03
2025-11-27,26215.55,25306.47
2025-11-28,26202.95,20525.36
2025-12-01,26175.75,21734.75
2025-12-02,26032.2,26298.82
2025-12-03,25986.0,25320.85
2025-12-04,26033.75,26377.76
2025-12-05,26186.45,27491.07
2025-12-08,25960.55,31677.57
2025-12-09,25839.65,29894.41
2025-12-10,25758.0,21975.7
2025-12-11,25898.55,20145.19
2025-12-12,26046.95,19484.07
2025-12-15,26027.3,17444.03
2025-12-16,25860.1,23554.69
2025-12-17,25818.55,19787.57
2025-12-18,25815.55,20046.07
2025-12-19,25966.4,36600.58
